userId,movieId,realRating,predictedRating
275,910,3.0,4.0
382,318,5.0,5.0
453,1206,4.0,4.4
480,32,4.0,4.0
416,2858,3.5,4.2
551,5349,2.0,3.8
372,260,4.0,4.4
485,316,3.0,4.0
464,55820,3.0,3.4
558,593,4.0,3.8
99,434,3.0,3.2
314,1265,4.0,4.4
123,6016,3.5,4.4
555,50,5.0,4.2
597,1517,5.0,3.8
517,53125,2.5,3.6
453,3948,4.0,3.8
573,72998,5.0,4.1
509,5349,2.5,3.5
561,596,4.0,4.0
610,5349,4.5,4.0
597,2542,5.0,4.6
588,367,1.0,3.2
410,357,4.0,2.8
78,1370,4.0,4.0
50,32,3.0,3.6
288,912,4.0,4.0
382,5378,4.0,4.0
279,1,3.0,4.0
177,6934,1.5,3.4
369,4979,3.5,4.0
592,368,3.0,3.4
525,317,3.5,3.8
307,539,2.0,3.4
608,953,0.5,4.4
421,1206,4.5,4.4
18,1,3.5,3.8
431,158,1.0,2.3
219,55820,4.0,4.2
605,2174,3.5,3.3
164,2916,3.0,3.8
428,1222,3.0,4.0
104,5816,4.5,3.9
318,1203,4.0,4.1
438,653,3.5,3.6
71,208,2.0,2.7
38,350,4.0,3.0
462,1968,4.0,3.6
66,1968,4.0,4.0
62,8961,4.5,4.0
381,208,1.5,3.3
580,3481,4.0,3.9
136,588,3.0,4.0
182,555,3.5,4.0
608,1552,3.0,3.6
294,466,1.0,3.2
216,1136,5.0,4.1
432,1527,2.5,3.5
215,1206,4.0,4.2
484,1,4.5,4.2
490,69844,3.0,3.7
8,357,5.0,3.8
391,1197,5.0,3.9
135,788,4.0,3.0
63,4963,4.0,4.2
415,63082,4.5,4.4
368,225,3.0,4.0
104,293,4.0,4.2
237,1203,4.0,4.0
109,173,2.0,2.9
288,72998,4.0,3.7
10,69844,3.0,4.0
398,3421,4.0,3.8
449,4011,4.0,4.6
534,58559,2.0,4.8
509,4878,4.0,3.9
187,7153,4.5,3.8
434,2054,3.5,2.4
192,349,5.0,3.5
489,1291,4.0,4.3
230,4370,4.0,3.1
123,91500,3.5,4.0
424,2502,4.5,3.6
305,4973,5.0,4.7
179,161,5.0,3.9
149,2012,2.0,3.0
309,5952,4.0,4.4
16,608,4.5,3.6
177,2571,3.0,4.7
28,1221,4.0,4.4
57,158,1.0,3.2
548,1393,5.0,3.5
304,1407,5.0,3.7
290,910,5.0,4.0
66,7153,5.0,4.4
410,1206,4.0,4.2
559,185,3.0,3.5
591,2762,4.0,3.8
610,6539,4.0,4.1
211,68358,4.0,4.2
535,2706,4.0,3.6
91,3996,4.5,4.2
51,2,4.5,4.0
468,253,4.0,3.7
73,72998,3.5,4.4
357,1097,3.5,3.6
495,5952,0.5,4.2
603,16,4.0,3.6
330,4963,3.5,4.4
6,474,4.0,3.6
387,11,2.5,3.6
28,2683,2.5,3.4
517,6373,1.5,3.1
249,3717,4.0,3.8
574,110,5.0,4.2
275,1247,5.0,4.4
62,48780,5.0,4.6
260,4848,3.0,4.0
500,2987,4.0,3.7
220,1704,4.5,3.8
25,60069,5.0,4.6
64,2078,4.0,3.6
82,4816,4.0,3.2
322,1221,1.0,4.4
28,377,1.5,3.8
147,168,0.5,3.6
45,1080,4.0,3.8
249,145,4.0,3.4
89,1394,2.0,4.1
525,3793,3.0,3.8
483,2858,4.0,4.2
510,50,4.0,4.4
470,292,5.0,3.3
480,2699,1.5,2.7
218,903,4.0,4.1
599,2716,4.5,3.7
135,485,5.0,3.2
534,1917,4.5,3.0
511,2628,4.0,3.4
538,2918,4.5,4.1
592,780,5.0,3.6
469,32,5.0,4.4
249,2959,5.0,4.3
52,318,5.0,4.5
469,1036,4.0,4.1
219,52973,3.5,3.7
356,2321,3.5,3.7
202,750,5.0,4.6
220,4306,5.0,4.2
437,587,3.0,3.0
288,1302,3.0,2.9
430,2321,4.0,4.2
68,10,4.5,3.9
280,1197,3.5,4.4
343,1221,3.0,4.4
483,4963,4.0,4.4
221,1374,3.5,4.0
283,1517,4.0,3.6
91,2291,4.0,3.8
45,4308,5.0,4.2
8,593,4.0,3.6
39,1219,5.0,4.1
266,1923,3.0,4.0
103,7153,4.0,4.4
554,1210,5.0,4.5
603,2706,2.0,4.0
606,1198,3.5,4.4
119,5010,4.0,4.2
323,300,2.5,3.5
539,1197,5.0,4.6
489,6373,1.5,3.0
21,1527,2.5,3.6
592,253,4.0,3.6
105,5956,4.0,3.4
597,2804,5.0,4.3
274,2291,3.0,3.8
20,1380,5.0,3.6
179,153,3.0,3.0
18,1219,4.5,4.2
227,6377,4.5,4.3
580,48385,3.0,3.2
474,1954,4.0,4.0
16,318,4.0,4.4
461,593,4.0,4.2
199,55820,4.0,4.0
585,858,5.0,4.2
286,7,3.5,3.1
217,165,3.0,3.9
489,56367,3.0,3.9
68,2324,2.5,4.8
588,380,3.0,3.4
105,6333,4.0,3.8
226,4262,4.5,4.0
313,1639,4.0,3.6
530,208,3.0,3.2
563,56367,3.0,4.2
468,380,4.0,3.6
316,2006,1.5,2.9
331,8360,1.5,3.8
580,1374,4.0,4.2
476,589,5.0,4.0
246,68157,5.0,4.4
279,480,4.0,3.4
125,589,4.0,4.0
232,56174,3.0,3.8
221,1214,5.0,4.0
604,185,4.0,3.9
340,454,3.0,3.6
166,5989,4.0,4.2
263,440,4.0,3.7
448,1617,4.0,4.1
484,4720,2.0,3.4
266,1485,2.0,3.6
498,454,5.0,3.6
335,3671,4.5,4.4
66,1784,5.0,4.4
129,2791,4.0,3.7
559,357,3.0,4.1
594,1527,3.0,3.6
381,1036,2.0,3.7
109,410,3.0,3.4
380,16,3.0,3.8
448,1380,3.0,3.6
183,1580,4.0,3.8
45,648,4.0,3.4
408,1036,4.0,4.0
294,858,5.0,4.2
84,457,4.0,4.0
266,3052,5.0,3.4
367,3253,3.0,3.6
117,339,3.0,3.6
274,6333,4.0,3.5
199,266,2.0,3.4
444,555,4.0,4.4
453,3717,2.0,3.8
438,4025,3.5,3.2
122,48780,5.0,4.6
489,4995,4.0,3.8
160,673,2.0,3.0
28,6333,2.5,3.7
100,592,4.0,3.2
74,1230,5.0,4.6
241,527,3.5,4.3
525,3911,4.5,3.8
480,5459,3.0,2.6
542,1527,5.0,3.5
135,2571,5.0,4.4
573,1080,4.5,3.8
480,1721,4.0,4.0
590,596,4.0,3.8
321,231,3.0,3.5
137,3578,3.5,4.4
354,454,3.5,3.4
232,48780,4.5,4.4
606,5459,2.0,3.1
125,4979,4.5,3.7
260,6016,4.0,4.2
57,434,2.0,3.2
97,858,5.0,3.9
267,3578,5.0,4.8
599,79132,3.0,4.1
232,1961,4.0,3.8
484,69122,4.0,3.7
606,293,4.5,3.8
226,788,3.5,3.3
232,1265,4.0,3.7
464,165,5.0,3.9
387,41566,3.0,3.6
25,1198,5.0,4.4
352,96079,4.0,3.7
45,32,4.5,3.8
560,1136,4.0,3.7
51,912,3.0,4.0
357,1247,4.5,4.1
580,2011,3.5,3.4
186,1073,5.0,3.7
313,2791,3.0,3.8
560,73017,3.5,4.4
489,32,3.5,3.8
339,60069,4.5,4.2
480,3578,4.5,4.4
438,6711,4.0,4.2
226,594,3.0,3.6
223,6377,3.5,4.0
84,1198,4.0,4.4
258,60069,5.0,3.9
337,145,4.0,3.8
573,58559,5.0,4.8
448,2174,3.0,3.2
318,91529,3.0,4.4
68,266,4.0,3.3
144,364,4.5,4.2
40,592,4.0,3.4
405,48394,3.5,3.8
239,54001,4.0,4.4
448,1923,4.0,4.0
587,296,5.0,4.3
328,50,4.0,4.2
497,2028,3.0,4.2
603,3481,1.0,3.5
439,1291,3.0,4.4
604,434,4.0,3.6
510,317,1.0,3.5
599,1645,3.0,3.0
68,1282,3.5,3.8
507,316,3.0,4.0
215,2858,4.0,4.4
577,368,4.0,3.4
474,474,3.5,3.4
448,356,3.0,4.2
6,380,4.0,3.8
600,2716,4.5,3.6
586,2640,3.5,4.3
290,1225,5.0,4.2
283,1265,3.0,4.2
45,4896,4.0,4.8
51,597,3.5,3.6
187,296,4.5,4.0
226,5502,2.5,3.0
323,1,3.5,4.2
608,3552,3.0,4.6
184,109374,4.5,3.6
391,1028,5.0,4.2
597,1641,4.0,4.0
4,357,3.0,2.8
357,69844,4.5,4.4
608,1407,3.0,3.2
599,2355,3.0,3.4
584,457,4.0,3.9
524,1201,4.0,4.4
200,6378,4.0,3.8
524,648,3.0,3.0
142,593,5.0,4.0
59,2987,1.0,3.4
93,653,4.0,3.4
480,32587,4.0,3.8
235,457,4.0,4.2
200,8961,4.0,4.2
512,527,5.0,4.8
527,919,5.0,4.2
458,339,5.0,4.2
408,44191,5.0,4.2
235,110,4.0,4.5
246,6934,5.0,3.6
426,588,4.5,4.1
368,3,3.0,3.0
99,165,5.0,4.0
136,552,3.0,3.5
566,368,4.0,3.8
330,1573,0.5,3.2
360,1721,4.0,3.6
292,19,1.5,2.6
57,329,4.0,3.5
32,7,4.0,2.9
380,1270,5.0,4.2
434,2291,4.0,3.8
414,47,4.0,4.8
292,858,4.0,3.9
166,51255,3.5,4.2
606,5618,4.5,4.2
268,1252,5.0,4.0
204,4226,4.5,4.2
116,2000,4.0,3.6
111,5445,2.0,3.4
567,541,3.5,4.0
553,4011,5.0,4.6
418,3147,4.5,4.4
318,47,4.0,4.2
482,6711,4.0,4.0
341,1,5.0,4.2
254,4993,4.5,3.8
510,1466,2.0,3.8
606,49530,3.5,4.0
29,318,4.5,4.3
288,953,4.5,4.2
464,48516,4.0,4.6
554,919,5.0,3.6
307,5816,3.0,3.7
599,3578,3.5,4.1
132,50872,3.5,3.7
237,6539,3.0,4.3
387,2918,3.5,3.6
141,4993,4.0,4.0
562,7147,4.0,4.5
256,68358,4.0,4.4
116,2115,4.5,4.0
490,6539,3.0,3.7
275,3408,5.0,3.9
331,4034,3.0,4.2
483,356,5.0,4.4
520,2918,4.0,4.0
561,2028,4.5,4.5
395,590,3.0,3.8
14,367,1.0,3.4
51,3994,5.0,3.8
274,45499,3.5,3.8
438,48774,3.0,4.2
480,51662,4.0,3.8
66,2571,5.0,4.6
200,1035,3.5,4.0
534,34,4.0,3.7
173,527,5.0,4.4
357,2174,4.5,3.2
260,1288,5.0,4.0
156,1220,3.0,4.1
541,594,5.0,3.2
121,95,3.0,3.4
351,5989,4.0,4.3
445,2324,4.5,4.4
240,500,5.0,3.7
414,41566,4.0,4.0
424,1193,4.0,4.1
102,231,3.0,3.6
313,47,5.0,4.4
28,508,3.5,3.7
356,2959,5.0,4.3
448,2502,3.0,3.6
484,596,5.0,4.0
372,608,5.0,4.3
4,4034,5.0,3.8
226,6934,2.5,3.4
590,594,5.0,3.8
219,1213,2.5,4.4
136,47,5.0,3.5
84,141,3.0,3.5
354,51662,3.5,3.8
368,485,2.0,2.8
607,377,5.0,3.8
603,36,4.0,4.0
474,912,5.0,4.0
386,586,3.0,2.9
376,19,2.0,2.2
318,33166,4.0,4.6
57,6,3.0,4.2
201,733,5.0,4.0
226,3535,4.5,3.6
126,153,4.0,3.4
42,1653,5.0,4.1
343,1213,5.0,4.0
105,74458,5.0,4.4
492,778,2.0,4.1
233,1,3.0,3.6
18,293,4.5,4.2
586,8368,5.0,4.6
63,4246,3.0,3.3
94,357,1.0,3.6
439,4022,4.5,3.9
316,7438,3.5,4.0
312,1374,4.0,4.0
292,1393,4.0,3.8
436,410,3.0,3.2
474,4246,4.5,3.6
480,4226,4.0,3.8
365,508,2.0,4.0
226,56367,3.5,4.2
181,380,2.0,3.8
234,1210,5.0,4.7
600,736,2.5,3.4
543,380,5.0,3.8
368,733,3.0,4.0
82,2006,2.0,3.2
379,457,5.0,3.9
588,6,5.0,4.3
140,590,5.0,4.0
222,91500,4.0,3.1
570,2916,3.0,3.9
368,3527,3.0,3.6
288,3671,4.0,4.1
436,377,4.0,4.0
400,1197,4.5,4.5
213,1721,4.0,4.1
490,56367,3.5,3.7
336,1625,3.5,4.0
194,2599,3.0,4.1
159,1,4.5,4.1
599,1214,5.0,3.8
590,480,4.0,3.6
604,223,4.0,4.2
370,1240,4.0,3.8
566,150,3.0,4.2
448,3948,4.0,4.0
111,99114,4.0,4.0
30,589,3.5,4.2
82,4886,1.5,3.6
91,2571,5.0,4.4
305,48780,3.0,4.7
352,1732,4.0,4.0
259,3996,0.5,4.4
201,2355,5.0,4.0
542,4886,3.5,4.2
362,6874,4.5,4.2
227,70286,5.0,4.1
595,2078,4.0,3.6
103,1089,4.5,4.6
345,32,3.5,3.8
111,3253,5.0,3.4
599,5989,3.0,4.2
606,110,3.5,4.0
334,4896,3.5,4.2
351,4993,4.0,3.8
4,4226,2.0,4.2
352,59315,3.0,4.2
274,7143,4.0,4.2
307,2005,4.0,3.9
496,112852,3.0,4.6
20,4816,3.5,3.4
24,3147,4.5,4.4
561,2194,4.5,4.0
391,3996,5.0,4.3
472,1193,4.5,4.8
167,260,4.0,4.0
315,1201,3.0,4.2
562,1097,3.5,3.7
199,1917,2.0,2.5
514,480,4.5,3.5
287,2081,0.5,2.8
45,5481,4.0,3.2
458,344,3.0,3.8
608,5956,4.0,3.6
480,500,4.0,3.4
103,2918,5.0,3.8
381,1721,3.5,4.1
33,39,5.0,3.6
97,3578,4.0,4.4
572,1291,4.0,4.4
380,5418,4.0,4.3
599,1580,3.0,3.9
135,3994,5.0,3.4
574,316,4.0,3.7
68,4816,4.0,3.2
218,8368,2.0,4.0
349,357,4.0,4.1
89,1288,3.5,3.8
201,1259,4.0,4.2
428,3081,4.0,3.0
212,4979,4.0,3.9
243,485,3.0,3.3
560,2706,2.5,4.0
464,4226,4.0,4.0
573,3793,4.5,3.7
16,1230,4.0,3.6
434,2329,5.0,4.4
609,150,3.0,4.0
523,5952,5.0,4.4
73,150,2.0,3.7
307,318,4.5,4.4
104,3671,3.5,4.0
169,919,5.0,4.2
391,910,5.0,4.2
135,1196,4.0,3.8
474,1617,5.0,4.0
247,1270,4.0,4.1
322,2571,4.0,4.0
461,106782,5.0,3.6
68,1917,3.0,2.5
301,2858,4.0,4.2
476,454,4.0,3.8
160,2028,5.0,4.0
318,45499,3.5,3.8
414,4034,4.0,4.2
166,4963,4.5,4.2
233,3948,2.5,4.0
288,1206,4.0,4.4
368,1917,3.0,2.4
15,1196,5.0,4.1
129,6502,3.5,3.8
78,318,4.5,4.6
57,2628,3.0,2.7
217,2174,4.0,3.1
447,10,3.0,3.8
525,594,1.5,3.4
585,16,5.0,3.9
378,33794,4.5,4.0
183,3793,2.0,3.8
561,2291,4.0,3.8
111,112852,4.5,4.4
232,648,3.0,3.5
573,2028,5.0,4.4
417,4306,5.0,4.0
599,1517,3.5,3.5
1,163,5.0,3.7
330,858,4.0,4.6
109,553,5.0,3.6
182,1584,0.5,3.8
12,1265,3.5,4.0
85,1391,1.0,3.0
485,380,5.0,4.0
75,1653,2.0,3.9
217,2985,4.0,3.0
381,3489,4.0,3.6
160,2571,4.0,4.2
475,1374,4.5,4.4
118,2028,4.0,4.2
306,122904,3.0,3.6
115,1391,2.0,3.3
64,25,3.5,4.2
380,21,2.0,3.7
301,2291,4.0,3.8
520,2321,4.0,3.8
380,1127,4.0,3.6
561,2395,4.0,4.0
262,7,3.0,3.2
226,6870,4.5,4.0
603,300,2.0,3.4
284,592,5.0,3.8
182,2396,4.5,4.1
347,208,3.0,3.5
597,47,4.0,4.6
219,165,4.5,3.4
233,1206,4.0,4.2
288,6874,4.0,4.1
288,3994,4.5,3.8
57,733,3.0,4.0
221,1387,4.0,4.5
288,1148,4.0,4.0
428,2762,3.5,3.8
570,2791,3.0,4.0
28,2706,3.0,3.8
414,1090,5.0,4.0
226,153,4.0,3.4
475,589,5.0,4.4
455,288,2.0,3.7
7,8368,2.5,4.4
140,353,3.0,3.5
380,68954,5.0,4.4
525,596,1.5,3.8
417,109487,3.5,4.6
290,924,5.0,4.0
182,4886,4.5,3.8
111,2174,4.5,2.8
153,6711,2.0,4.2
166,1265,4.0,4.0
483,6016,4.0,4.5
414,1252,5.0,4.4
221,2502,4.0,3.8
330,4011,4.5,4.5
555,3408,4.0,4.0
190,4963,3.0,4.0
559,589,4.0,4.0
277,786,4.0,2.6
369,1225,2.5,4.2
352,1580,2.5,4.0
356,33166,3.5,4.4
391,2080,5.0,3.6
166,3114,4.5,3.8
597,1198,5.0,4.6
66,8665,5.0,4.4
391,110,5.0,4.4
395,48,2.0,3.2
420,2571,4.5,4.4
156,587,3.0,3.6
330,3977,2.0,2.3
187,2542,1.0,4.4
412,910,4.0,4.3
177,41566,3.0,3.8
487,116797,4.5,4.2
317,111,5.0,4.6
129,4993,4.5,4.2
522,2542,4.5,4.6
566,21,4.0,3.6
437,95,1.0,2.6
567,68358,1.0,3.6
354,527,4.0,4.4
232,780,3.5,3.4
537,48516,4.5,4.1
58,357,3.0,4.0
64,39,4.0,3.3
413,1221,4.5,4.6
305,235,4.5,4.2
45,1265,3.0,4.3
310,1304,5.0,4.0
457,1676,3.0,3.4
33,2542,4.0,4.4
274,5816,3.0,3.6
479,2700,5.0,3.6
588,16,4.0,3.6
231,260,4.0,4.4
509,58559,3.5,4.6
354,2700,2.5,3.8
607,1214,3.0,4.4
305,3535,5.0,3.4
169,2617,3.0,3.6
368,377,3.0,3.7
182,4226,4.5,4.0
323,440,2.5,3.6
17,750,4.5,4.7
21,2006,2.5,3.3
42,733,2.0,4.4
573,4239,5.0,4.2
321,141,4.0,3.6
452,1617,5.0,4.2
587,1641,4.0,4.0
307,1500,2.5,3.1
160,435,1.0,2.2
21,3793,3.5,3.8
188,2918,5.0,3.9
425,2353,3.5,3.8
541,47,1.0,4.4
15,780,3.5,3.4
70,858,5.0,4.6
313,163,3.0,4.0
275,4034,5.0,4.0
593,1704,3.0,3.6
62,30793,4.5,2.8
483,344,4.0,2.8
517,7153,3.0,3.7
20,551,5.0,3.8
561,109487,3.0,4.3
337,3,4.0,3.8
603,2329,3.0,4.4
536,370,3.0,3.3
220,5502,1.0,3.2
68,3489,4.0,3.4
391,1393,2.0,3.7
610,4308,2.5,4.2
246,7361,5.0,4.6
606,1234,4.5,4.0
428,4306,1.0,3.2
187,34405,2.5,3.6
396,3977,1.5,2.8
557,5618,5.0,4.3
382,1517,3.5,3.8
541,11,4.0,3.7
610,5816,4.0,3.8
274,1276,3.5,4.6
249,368,3.5,3.9
21,6874,1.5,4.1
597,2529,5.0,3.7
170,590,4.0,4.0
282,3114,4.5,3.8
368,168,2.0,3.1
274,3552,4.0,4.5
368,1500,3.0,3.0
144,1246,3.0,4.3
8,527,5.0,4.3
560,2700,3.5,3.8
434,71535,4.0,3.3
314,1356,3.0,4.0
584,586,4.0,3.7
328,39,2.0,3.0
425,3408,3.5,3.8
514,474,4.0,3.4
475,54001,4.5,4.5
280,1721,4.0,4.0
474,8636,5.0,3.6
73,2028,5.0,4.3
237,44191,4.0,4.1
294,70,4.0,3.7
21,109487,3.0,4.1
68,595,4.5,3.9
298,5459,2.0,2.8
608,3911,3.0,3.9
425,1196,3.0,3.9
597,50,5.0,4.6
101,3175,4.0,4.0
39,2692,5.0,4.0
352,1544,3.0,3.0
313,1214,4.0,4.3
22,56367,0.5,4.0
354,1240,4.0,3.8
111,34162,4.5,3.6
27,1101,4.0,3.2
27,1580,3.0,3.8
132,3949,4.0,3.6
331,3535,5.0,3.2
174,736,5.0,3.2
219,41566,2.5,3.8
20,595,5.0,3.7
509,4886,3.5,4.0
503,68157,4.5,4.5
382,68157,5.0,4.6
83,5010,4.0,3.7
226,8464,3.5,3.8
64,520,4.0,3.8
354,1201,4.0,4.4
462,1214,3.0,4.2
414,6502,4.0,3.9
606,1259,4.0,4.2
420,8874,3.5,3.8
593,736,2.0,3.4
573,589,5.0,4.2
62,33493,4.5,3.8
344,4022,3.0,3.4
484,48780,1.5,4.3
312,1097,5.0,4.0
244,1288,5.0,4.0
385,1199,5.0,4.2
287,3793,0.5,3.8
110,47,4.5,3.9
261,47,4.0,4.0
83,48774,5.0,4.1
174,648,5.0,3.4
610,527,3.5,3.8
160,1374,1.0,4.0
18,33794,4.5,4.2
64,1203,5.0,4.2
332,1208,4.0,4.4
177,1220,3.0,4.4
418,54001,3.5,4.2
546,480,4.0,4.0
59,1247,5.0,4.0
517,673,2.0,3.0
582,88125,5.0,4.2
448,1639,4.5,3.2
527,588,5.0,4.1
282,231,1.0,2.6
417,1682,5.0,4.0
29,1222,4.0,4.2
305,122904,5.0,4.2
141,6373,3.0,3.0
319,912,4.5,4.3
560,500,3.5,3.4
608,356,3.0,4.4
438,3114,4.5,4.0
105,858,5.0,3.8
387,51662,3.5,3.8
489,912,4.0,4.2
432,63082,4.0,3.9
489,2699,1.5,2.6
495,1721,5.0,4.1
580,5378,4.0,3.0
607,1997,5.0,4.2
129,4447,3.5,3.2
76,296,4.5,4.4
604,339,3.0,3.6
160,1221,5.0,4.5
387,48780,4.5,4.5
470,32,3.0,4.2
599,1208,5.0,4.4
95,5618,4.5,4.1
368,2406,3.0,3.4
314,520,3.0,4.0
381,46578,5.0,4.2
317,3160,4.0,3.4
328,33794,1.0,3.8
182,750,5.0,4.7
349,337,4.0,3.8
415,2762,4.0,4.4
153,2291,3.0,3.6
555,1265,4.0,4.2
354,2167,3.5,3.2
133,539,3.0,3.2
393,4011,5.0,4.5
318,73017,3.5,4.2
14,356,4.0,4.5
335,592,5.0,4.0
226,1387,3.5,4.5
154,1704,5.0,4.6
391,1210,4.0,4.5
339,296,2.5,3.8
561,1704,4.0,4.2
608,19,2.0,3.0
474,4447,4.0,3.1
70,1246,5.0,3.8
202,1196,5.0,3.7
328,1374,4.0,3.7
27,1198,5.0,4.2
438,5418,4.5,4.0
469,1500,4.0,3.4
64,293,4.0,4.3
386,333,3.0,3.8
562,2005,5.0,4.0
275,1148,5.0,4.2
51,339,4.0,4.0
399,5445,0.5,3.5
62,4896,4.5,4.4
353,595,4.0,3.8
455,539,4.0,4.0
518,6365,4.0,3.3
288,8361,3.0,2.9
230,1393,1.0,3.2
376,1252,4.0,4.2
121,19,2.0,3.3
363,296,5.0,3.8
381,2100,3.5,2.8
246,7438,5.0,4.3
420,1961,3.0,3.8
107,208,3.0,3.8
475,3717,4.0,3.8
391,780,1.0,3.6
198,1527,1.0,4.0
304,3114,5.0,3.6
228,318,4.0,4.8
307,231,2.5,3.2
21,70286,3.5,3.6
63,34,3.0,3.8
365,56367,3.0,3.8
91,1617,2.5,4.0
599,2081,3.0,3.2
137,919,5.0,3.8
464,2762,5.0,4.0
108,1270,5.0,3.8
169,5459,3.0,3.2
604,168,3.0,3.4
41,6870,3.0,3.7
104,3751,4.0,3.6
484,3717,3.5,3.9
587,3175,5.0,4.2
111,72998,2.0,4.1
384,480,4.0,3.9
317,59315,3.0,4.2
346,912,4.5,4.1
551,6365,4.0,3.6
373,344,3.0,3.0
187,5349,2.0,3.6
146,51662,3.0,4.0
561,1206,2.0,4.2
604,32,4.0,4.2
195,2710,1.0,2.0
182,6365,2.0,3.7
415,47,4.0,4.2
229,586,3.0,4.0
103,8360,3.0,3.8
153,1954,0.5,3.6
469,592,3.0,3.2
115,1645,4.0,3.6
307,56174,3.5,3.8
520,5618,4.0,4.4
524,924,4.0,4.4
176,434,4.0,3.6
274,480,3.5,3.6
414,91529,4.5,4.6
334,1394,3.5,4.3
327,2329,4.5,4.0
368,161,4.0,3.4
198,25,4.0,4.0
282,1221,5.0,4.8
305,2028,4.0,4.6
514,3552,4.0,4.5
82,1370,4.0,3.4
411,288,3.0,3.6
307,185,2.5,2.9
356,500,4.0,3.4
574,153,3.0,2.8
39,1036,4.0,4.2
399,4886,4.0,4.4
332,2959,4.5,4.5
64,1215,4.0,3.8
112,21,2.0,3.6
23,3949,5.0,3.9
140,368,3.0,3.2
380,1258,4.0,4.2
380,1580,5.0,3.8
368,1544,2.0,2.8
464,25,4.0,3.9
68,39,4.0,3.3
73,122904,4.5,4.2
185,4308,4.0,3.9
317,91529,4.0,4.6
45,21,4.0,3.8
520,4306,4.0,3.7
58,377,5.0,4.0
391,368,4.0,3.2
274,1206,4.5,4.0
64,553,4.0,3.8
448,4993,4.0,4.4
474,34,4.5,3.6
434,736,2.5,3.4
28,6870,3.0,3.5
555,2571,5.0,4.4
221,1197,4.5,4.0
249,1954,4.5,4.2
23,50,4.0,4.4
200,1393,4.0,3.8
386,377,3.0,3.6
67,1291,3.5,4.2
217,592,2.0,3.6
425,3147,4.0,3.8
5,595,5.0,3.9
434,5445,3.0,3.4
607,1610,4.0,3.8
328,6539,3.5,4.0
509,112852,4.0,4.2
18,1252,4.0,4.2
603,339,3.0,3.2
266,2105,4.0,3.4
457,1136,5.0,4.2
330,364,3.0,4.4
443,79132,1.0,4.2
104,41566,4.5,3.7
430,4034,5.0,4.4
266,1036,4.0,4.2
318,1625,3.5,3.6
186,1210,5.0,4.4
292,2716,4.0,3.6
483,99114,5.0,4.1
94,288,2.0,3.4
599,555,3.5,4.1
387,318,3.5,4.3
219,34162,3.0,3.7
17,5618,5.0,4.0
332,1584,4.0,3.6
247,4878,5.0,3.9
418,1721,3.5,3.9
514,76093,4.0,4.2
249,1265,4.5,3.6
600,7,3.5,3.1
285,1219,4.5,4.4
344,316,3.5,3.3
155,2028,4.0,3.8
312,3793,3.0,3.8
336,593,5.0,4.4
292,3421,4.0,3.5
84,1097,3.0,4.0
453,4306,5.0,3.6
47,8464,3.0,3.3
198,2762,1.0,4.1
239,2011,4.0,3.8
266,1288,5.0,4.0
52,1198,3.5,4.4
286,2959,5.0,4.8
453,165,5.0,3.9
83,5952,3.5,4.6
57,2571,5.0,4.5
318,2671,4.0,3.1
16,7361,3.5,4.2
132,2628,2.0,3.0
453,110,5.0,4.0
580,590,4.0,3.8
160,457,2.0,3.9
144,410,3.0,3.4
575,296,5.0,4.1
596,6539,3.0,3.9
201,2080,4.0,3.6
447,293,5.0,4.2
30,2571,5.0,4.9
21,1291,4.0,4.4
217,1214,3.0,4.1
380,185,3.0,3.9
381,62,4.5,3.9
268,1208,5.0,4.4
317,4022,4.0,4.0
254,4306,5.0,4.2
385,1097,3.0,3.6
326,4995,4.5,4.0
40,34,5.0,3.0
480,3081,3.5,3.4
219,95,1.5,3.3
577,527,5.0,4.8
448,919,4.0,3.9
512,318,5.0,5.0
143,69122,5.0,3.4
608,4025,2.5,3.2
177,3535,4.0,3.7
601,106782,4.5,4.6
489,1407,2.0,3.2
542,4226,5.0,4.4
312,3527,3.0,3.6
93,588,4.0,4.3
254,3949,5.0,4.4
317,593,5.0,4.2
148,68954,4.0,4.0
66,1923,4.0,4.1
129,160,3.5,3.1
391,2671,2.0,3.4
18,1954,4.0,4.0
398,1136,5.0,4.4
572,2321,3.0,4.1
77,3996,5.0,4.5
312,2571,3.0,4.4
367,912,5.0,4.1
234,2000,4.0,3.8
374,231,4.0,3.3
212,2791,4.0,3.4
185,4878,4.0,4.1
387,52973,3.5,3.2
4,3481,2.0,3.4
57,2054,3.0,2.4
1,1377,3.0,3.4
241,99114,4.0,3.8
249,1517,4.0,3.6
307,223,4.0,4.3
517,116797,4.0,4.4
572,1247,5.0,4.2
448,555,4.0,4.2
424,4816,3.0,3.0
380,2916,5.0,3.7
301,110,1.5,4.0
21,32587,3.0,3.8
57,1080,4.0,3.3
18,1704,4.0,4.2
541,318,4.0,4.6
309,1682,4.0,3.9
317,109487,3.0,4.3
409,593,4.0,4.6
34,3948,3.0,4.0
514,1,4.0,4.1
57,1784,4.0,4.0
16,1089,4.0,4.2
88,5418,4.5,4.2
356,778,4.0,4.2
414,3408,3.0,3.9
263,2080,3.0,4.0
325,597,2.0,3.4
357,318,4.0,4.3
108,4308,5.0,3.8
561,3527,5.0,3.8
171,1148,5.0,4.6
222,19,3.5,2.6
354,1265,4.0,3.8
447,145,3.0,3.7
453,912,3.0,3.9
509,551,4.0,3.0
474,5956,3.5,3.6
111,68954,4.0,4.1
497,1193,5.0,3.9
459,4022,4.0,3.8
333,3578,4.0,3.9
42,1265,5.0,4.2
606,2671,4.0,3.0
66,4226,5.0,3.8
520,1265,5.0,4.3
332,48394,4.0,4.0
305,91529,5.0,4.5
477,3552,5.0,4.5
372,1387,5.0,4.4
495,33679,3.5,3.8
448,474,4.0,3.6
185,3481,4.0,4.0
219,3949,4.0,4.0
385,736,4.0,3.7
328,73017,3.0,4.2
15,4306,3.0,3.6
43,300,3.0,3.4
155,1923,4.0,3.6
480,1777,4.0,3.4
434,2699,2.5,2.9
266,2353,3.0,3.6
538,58559,4.5,4.6
543,6373,5.0,3.7
300,6711,5.0,4.4
597,2174,4.0,3.7
580,33166,3.5,4.6
357,508,4.5,3.8
359,6377,4.5,4.4
233,7153,4.0,4.0
338,5952,3.0,3.6
185,2355,3.0,3.5
200,3948,4.5,4.0
402,786,5.0,3.5
436,527,5.0,4.0
428,3175,2.0,3.6
230,33166,1.5,4.2
74,4226,4.0,4.0
599,1968,3.5,3.8
97,593,5.0,4.4
38,364,2.0,4.1
318,3751,3.5,3.5
334,34405,4.0,3.6
434,5418,4.0,4.0
310,3996,4.0,4.6
460,2571,4.5,4.8
393,1291,5.0,3.8
372,316,5.0,3.6
91,2985,4.5,3.5
156,3481,4.5,3.4
399,356,5.0,4.0
394,380,3.0,4.0
91,356,3.0,4.2
42,780,2.0,3.8
272,34405,3.5,3.6
112,1356,4.0,4.4
288,33493,4.5,3.6
380,60069,5.0,4.2
590,1407,2.5,3.2
313,1466,3.0,4.0
125,72998,4.5,4.4
233,1230,3.5,3.6
600,6502,3.0,4.0
93,2916,5.0,4.2
14,784,1.0,3.0
303,2791,5.0,3.9
474,2797,4.0,3.6
318,1222,4.0,4.0
325,19,2.0,2.6
177,1252,4.0,4.1
59,1610,4.0,3.8
525,1968,4.5,3.9
381,8961,4.5,4.2
458,590,2.0,4.2
161,3751,5.0,3.4
570,292,3.5,3.5
16,111,4.5,3.9
128,904,5.0,4.4
580,919,2.0,3.9
387,1380,1.5,3.0
46,10,3.0,4.1
307,5218,2.5,3.8
287,608,4.5,4.4
262,36,5.0,4.2
560,4993,4.0,4.1
186,329,4.0,3.8
600,5816,4.0,3.8
483,673,2.5,3.1
599,2804,2.5,3.8
84,1393,4.0,3.8
474,3489,4.0,3.7
283,608,4.0,4.5
580,2355,3.5,3.4
560,5418,4.0,4.2
76,2628,2.0,3.4
587,32,5.0,3.8
332,318,4.5,4.6
141,231,3.0,2.7
482,2006,4.0,3.2
600,923,4.0,4.4
414,2291,4.0,4.1
410,3052,2.0,3.4
36,2406,3.0,3.6
365,2858,1.0,4.2
541,153,3.0,2.9
18,109487,4.5,4.4
483,10,2.0,3.4
347,356,4.0,4.4
1,1097,5.0,3.9
480,95,1.0,3.4
28,33794,4.5,3.7
561,2985,4.0,3.3
37,1073,4.0,3.7
22,54286,2.5,3.5
337,62,3.0,4.6
474,673,1.5,3.2
372,1210,5.0,4.4
131,1089,4.0,4.1
376,2012,5.0,3.3
480,1028,4.5,3.8
249,111,4.5,4.3
225,1407,4.0,3.0
489,2,2.5,3.1
135,231,2.0,3.4
282,8360,4.0,4.0
527,2115,5.0,4.2
381,8360,3.5,3.6
560,4816,4.0,3.4
292,5952,3.5,3.7
296,318,5.0,4.6
381,8361,3.5,3.2
216,34,5.0,3.9
38,367,2.0,2.6
313,367,2.0,3.5
166,1500,5.0,3.0
479,185,1.0,3.4
33,36,5.0,4.0
57,50,5.0,4.4
288,8368,3.5,4.3
276,370,5.0,3.2
285,1193,5.0,4.4
343,6016,5.0,4.5
318,69844,3.5,3.8
6,16,4.0,3.2
113,39,3.0,3.2
144,586,3.0,3.1
332,2762,4.5,4.0
235,780,5.0,3.7
532,1240,4.0,3.9
414,5618,5.0,4.4
244,1200,5.0,4.0
156,357,3.0,3.2
25,231,4.0,2.7
592,339,5.0,4.3
425,3052,3.5,3.6
239,3977,3.5,2.6
570,2762,4.0,4.1
68,3578,4.0,4.4
109,597,3.0,3.6
309,1276,4.0,4.4
514,1682,4.0,3.8
307,7361,5.0,4.5
446,95,4.0,3.4
577,2657,1.0,3.8
256,4018,4.0,3.5
477,1089,4.0,4.5
580,34162,1.5,4.0
281,3897,3.5,3.6
603,2571,5.0,4.2
24,1246,4.0,4.1
181,225,4.0,3.9
525,1265,4.0,4.0
514,3911,4.0,4.0
290,1252,5.0,4.4
166,1240,3.0,3.7
600,500,4.0,3.4
288,1573,2.0,3.4
367,1221,4.0,4.8
601,49272,4.0,4.2
331,8961,4.0,3.8
117,551,4.0,3.2
431,2006,1.5,3.4
144,377,3.5,3.6
494,367,2.0,3.0
64,104,3.0,3.8
424,2710,4.5,2.4
57,593,5.0,4.4
326,54286,5.0,3.6
339,79132,5.0,4.4
580,2762,4.5,4.3
599,48774,4.0,4.1
370,541,3.5,4.0
192,480,5.0,3.4
218,5349,3.0,3.0
239,1485,2.5,3.6
522,33794,4.0,4.0
373,733,3.0,4.0
469,2804,5.0,3.9
475,1240,4.5,4.0
182,442,3.0,3.2
219,1552,3.0,3.7
462,4027,2.5,3.8
321,539,3.0,3.3
208,457,3.0,3.8
327,3481,5.0,4.1
264,356,3.5,4.1
179,185,4.0,3.3
30,1036,4.0,3.9
230,150,2.0,4.0
446,589,5.0,4.0
221,6870,4.0,4.0
26,225,3.0,3.2
480,2571,5.0,4.6
54,454,3.0,3.4
504,4447,3.5,3.6
288,48,2.0,2.9
41,68157,4.0,4.0
414,99114,4.5,3.9
82,153,3.0,3.0
263,2710,2.0,2.6
424,1258,4.5,4.2
185,1,4.0,3.8
62,1203,5.0,4.4
514,3897,3.5,3.7
412,1610,5.0,4.0
570,1391,2.5,3.4
115,1196,5.0,4.1
554,2081,5.0,3.8
286,110,5.0,4.4
483,2424,3.5,3.2
274,4816,3.5,3.4
167,1682,3.0,4.0
409,1219,4.0,4.0
178,296,4.5,4.2
260,2599,4.0,3.8
249,109487,5.0,4.6
76,6874,3.5,4.3
83,1246,5.0,4.1
480,3717,3.0,3.8
474,1466,4.0,3.9
109,780,3.0,3.6
159,339,3.0,3.9
307,2100,1.5,3.0
535,2571,4.0,4.0
234,594,5.0,3.6
483,110,4.0,4.1
223,457,3.0,4.1
317,2959,5.0,4.6
560,1923,4.0,3.8
69,1101,5.0,3.4
513,110,4.0,4.2
453,593,4.0,4.1
140,2,3.5,3.2
318,2081,3.0,3.5
436,589,4.0,4.4
264,1,4.0,4.1
597,1278,5.0,4.1
17,1210,5.0,4.3
335,356,4.0,4.2
232,6874,3.0,4.2
414,5952,5.0,4.5
274,4239,3.0,4.2
54,161,3.0,3.4
566,780,3.0,4.2
68,116797,3.5,4.2
88,6502,4.5,4.0
577,480,5.0,3.2
531,733,4.0,4.3
7,1954,4.5,4.0
236,1387,5.0,4.5
288,4995,3.0,4.0
541,50,5.0,4.3
91,2699,2.5,3.0
39,32,3.0,4.3
587,153,3.0,2.8
122,923,5.0,4.4
219,3552,3.5,4.5
590,2804,4.0,3.6
562,6539,3.0,4.2
18,30793,4.0,2.8
294,586,2.0,3.0
434,1213,4.5,4.6
83,1653,3.5,4.0
540,260,5.0,4.6
514,4995,4.0,4.2
181,339,4.0,3.6
140,1240,3.0,4.0
480,1610,4.5,4.2
424,111,4.0,4.0
370,1639,4.5,3.4
594,1036,5.0,4.0
80,8644,4.5,3.6
330,3408,3.5,3.9
64,2006,3.5,3.3
116,3996,2.5,4.0
561,48516,4.5,4.6
173,153,3.0,3.4
18,7153,4.5,4.4
136,350,5.0,3.6
453,2692,4.0,3.9
28,5445,3.5,3.7
318,357,4.0,3.6
322,1193,2.5,4.0
441,1198,5.0,4.4
301,47,4.5,4.6
322,1517,4.0,3.8
89,4246,1.5,3.4
88,1193,5.0,4.6
210,34405,4.5,3.8
207,2858,5.0,4.0
414,1302,4.0,3.2
153,153,0.5,3.4
294,434,1.0,3.3
219,4776,3.5,3.9
552,104,3.0,3.4
125,60069,4.0,3.8
199,1210,2.0,4.0
555,32,4.0,3.8
195,1222,4.0,3.7
339,5502,4.5,3.2
600,457,3.0,3.8
552,4848,4.0,4.0
368,2529,3.0,3.9
480,34162,3.5,3.9
385,1220,4.0,4.5
9,5218,4.0,4.0
372,141,4.0,3.5
552,2115,3.5,4.1
123,5952,3.5,3.6
285,903,5.0,4.2
240,551,4.0,3.4
19,586,3.0,3.0
76,1089,4.5,4.2
176,593,5.0,4.6
231,5952,3.0,4.0
606,2324,5.0,4.6
29,56174,4.0,4.2
247,48780,4.5,4.3
438,4816,2.5,3.2
330,4306,4.5,4.1
471,2959,4.0,4.2
489,1608,1.5,3.7
601,1584,3.5,4.2
354,70,4.5,3.6
144,3408,3.5,3.8
38,410,3.0,3.2
302,858,5.0,4.6
493,1291,3.0,3.9
400,4878,4.5,4.1
115,1208,5.0,4.7
331,7438,3.0,4.3
189,7153,4.0,4.2
227,1196,4.0,3.6
199,8641,2.5,4.0
86,3578,4.0,3.9
482,1784,3.0,3.9
294,3552,5.0,4.7
336,1380,2.5,3.6
177,5418,3.5,4.0
310,1198,4.0,4.2
25,59315,4.0,4.0
510,104,3.0,3.2
380,364,5.0,4.7
480,2683,4.5,3.5
346,3535,3.5,3.6
603,2683,4.0,3.4
166,293,4.5,4.2
108,4246,5.0,3.6
170,161,4.0,3.8
339,1997,4.0,4.1
366,5481,2.0,2.9
604,153,3.0,2.9
167,1214,2.0,4.0
310,1517,4.0,4.0
288,5378,3.5,3.4
105,112852,4.0,4.2
274,377,3.5,3.8
525,2918,4.5,3.8
76,6934,3.0,3.2
395,500,3.0,3.2
318,2,3.5,3.9
571,70,2.0,3.2
32,648,3.0,3.8
217,2628,4.0,3.2
384,2987,4.0,3.8
127,2100,2.0,3.2
122,1247,5.0,4.2
282,5669,4.0,4.0
570,1625,4.0,4.0
68,2571,4.5,4.6
317,904,4.0,4.5
78,2791,5.0,3.6
600,110,2.0,4.0
304,442,3.0,3.8
233,1193,3.0,4.0
68,165,3.5,3.8
227,58559,4.5,4.3
534,1036,4.5,4.0
325,3421,3.0,3.6
230,2,2.5,3.5
610,48774,5.0,4.4
284,442,4.0,3.6
356,344,1.5,3.5
275,1653,3.0,4.0
294,1968,3.0,3.5
425,1222,4.0,4.0
425,1198,4.0,4.2
257,5445,4.0,4.0
438,3996,5.0,4.6
156,2657,3.0,3.7
28,736,2.5,3.8
591,223,4.0,3.9
570,6333,4.0,3.6
95,5952,4.5,4.3
232,54001,2.5,4.2
489,165,3.0,3.6
483,3994,4.5,3.8
199,3977,2.0,2.5
434,45722,1.5,3.8
313,3977,5.0,2.0
525,6378,4.0,3.9
590,69844,4.0,3.9
424,288,4.0,3.4
489,4022,3.5,3.8
425,3253,3.5,3.4
91,1246,2.0,4.4
226,3081,2.5,3.4
490,2692,4.0,4.0
315,2529,3.0,3.6
573,648,4.5,3.5
64,2174,3.5,3.5
387,1258,4.5,4.2
608,2542,4.0,4.4
525,2571,4.0,4.4
370,2572,3.5,3.7
368,1645,3.0,3.6
122,55820,5.0,4.2
603,2194,4.0,4.1
599,1608,2.5,3.6
313,2985,4.0,3.2
122,48516,5.0,4.6
132,17,3.0,3.7
337,17,4.0,4.4
346,5481,2.0,2.8
62,49530,4.5,4.2
140,2028,5.0,4.2
93,380,5.0,3.9
507,454,3.0,2.8
45,296,5.0,4.3
220,59315,4.5,4.4
372,733,4.0,4.6
160,480,2.0,3.4
84,858,4.0,4.2
307,4878,5.0,3.8
571,1278,4.0,4.1
570,1282,3.0,4.3
506,39,5.0,3.6
480,1500,3.5,3.2
330,1394,4.0,4.2
594,2671,5.0,3.6
313,3753,3.0,3.5
480,8636,5.0,3.7
156,111,4.0,4.5
195,2028,3.0,4.4
167,356,3.0,4.4
418,1080,5.0,3.4
387,2617,1.0,3.2
159,2959,3.0,4.4
105,4878,5.0,3.9
91,5418,4.0,4.4
560,35836,4.0,3.6
105,2712,4.5,3.0
414,17,4.0,4.0
288,356,5.0,4.0
466,356,5.0,4.2
334,586,3.0,3.0
490,48774,3.5,4.2
372,1220,3.0,3.6
559,1356,4.0,4.4
334,56174,3.5,4.0
564,96079,3.0,3.8
596,78499,3.5,4.2
202,1234,5.0,4.0
68,1393,4.5,3.6
140,4447,3.5,3.2
68,68157,4.5,4.4
179,420,3.0,2.8
100,2406,4.0,3.8
323,364,4.0,4.1
372,1197,4.0,4.2
555,1608,3.0,3.8
474,8464,4.0,3.8
249,8665,4.0,4.6
474,7,3.0,3.3
179,708,4.0,3.4
301,648,2.5,3.6
368,2291,3.0,3.8
590,2078,4.5,3.5
211,296,4.5,4.0
15,58559,2.0,4.4
182,104,3.0,2.8
227,2571,4.5,4.7
416,1580,2.0,3.6
351,58559,3.5,4.2
525,3977,3.0,2.4
434,1393,3.5,3.4
305,1466,3.5,4.0
44,95,4.0,3.6
143,597,3.0,3.8
288,1258,3.0,4.1
186,1573,4.0,3.7
477,2324,4.5,4.8
303,5502,4.0,3.2
75,2078,5.0,3.6
561,2502,4.5,3.4
562,1961,5.0,3.8
420,1517,4.5,3.7
239,6934,5.0,3.4
143,4018,2.0,3.7
96,1291,4.0,4.4
480,30707,4.0,3.8
334,74458,2.5,4.2
455,588,3.0,3.9
412,1641,5.0,3.7
308,56367,5.0,3.9
21,8360,4.0,3.4
484,3897,3.5,4.1
385,266,2.0,3.2
247,608,4.0,3.9
194,2699,3.5,3.0
216,1230,5.0,4.3
443,7361,4.0,4.3
474,1302,3.5,3.2
432,480,4.5,3.5
1,3052,5.0,3.7
141,72998,2.5,4.0
33,1213,3.0,4.6
290,2762,4.0,4.0
191,158,2.0,2.4
608,1584,2.5,3.6
47,106782,3.5,3.6
290,858,5.0,4.7
489,923,3.5,4.4
232,1258,3.5,4.2
391,912,5.0,4.0
537,1721,3.0,3.5
242,434,4.0,3.6
142,595,4.0,3.7
48,1580,5.0,3.8
57,1234,5.0,4.0
62,2959,5.0,4.6
418,80463,4.5,4.0
307,596,2.5,3.8
139,5816,3.0,3.2
308,2959,0.5,4.2
479,593,4.0,4.0
523,364,5.0,4.4
199,1230,3.0,4.1
173,329,4.0,3.4
428,1645,3.5,3.4
187,318,3.0,4.4
300,2959,4.5,4.6
434,1246,4.0,4.4
32,786,3.0,2.9
288,1584,4.0,3.8
321,586,3.0,3.0
156,1222,4.5,4.2
91,2353,3.0,3.7
298,4011,3.0,4.4
480,8641,4.5,4.1
590,784,1.5,2.8
197,153,2.0,3.4
572,62,4.0,4.1
577,1196,3.0,4.2
226,2628,2.5,3.2
232,2699,3.0,3.0
534,68358,4.5,4.3
580,3147,3.0,4.4
456,141,4.0,4.0
483,1073,3.0,3.6
448,3911,3.0,3.6
125,7361,4.5,4.5
570,34,3.5,3.2
307,4262,4.0,3.7
209,2028,4.0,4.4
45,788,2.0,3.4
167,4896,4.5,4.6
25,91529,5.0,4.6
492,7,3.0,2.7
50,858,4.0,3.8
570,648,3.5,3.5
62,41566,4.0,4.0
372,150,3.0,4.4
353,555,4.0,4.4
513,1304,4.5,4.0
432,6016,4.0,4.4
608,2712,3.0,3.2
495,1917,5.0,2.7
64,6874,4.0,4.3
425,7361,3.0,4.2
247,4226,4.5,4.2
415,1393,3.5,3.6
121,150,3.0,4.4
182,2710,4.5,2.9
584,356,5.0,4.2
286,2028,4.5,4.6
555,1208,5.0,4.3
524,1302,3.0,3.6
488,1080,4.5,3.8
475,56174,4.5,4.1
594,364,5.0,4.6
414,733,3.0,4.2
100,2710,2.0,3.0
600,208,2.0,3.1
222,1917,2.5,2.3
18,380,2.5,3.8
322,46578,4.5,4.0
113,356,4.0,4.3
160,1653,5.0,4.0
520,3793,4.0,3.7
424,47,5.0,3.8
386,300,3.0,3.4
274,3033,3.5,3.5
286,7361,5.0,4.6
262,17,3.0,3.9
538,3552,4.0,4.6
525,2959,3.5,4.4
15,3994,3.0,3.8
294,1198,4.0,4.0
430,356,3.0,4.0
159,30707,4.0,3.8
94,592,3.0,3.8
273,253,3.0,3.4
469,1079,5.0,4.0
162,266,4.0,3.7
304,1210,5.0,4.4
91,1080,4.0,3.8
198,1213,4.0,4.6
159,597,4.0,3.8
200,260,5.0,4.9
357,50,5.0,4.2
91,4262,3.5,4.0
560,2355,3.0,3.6
587,1270,5.0,4.3
474,5816,4.5,4.2
181,590,3.0,3.9
327,48516,4.5,4.4
62,1961,5.0,4.0
475,5218,4.5,4.1
91,1645,3.0,3.3
541,165,3.0,3.8
105,3717,3.5,3.8
453,5378,4.0,3.6
316,253,3.5,3.3
33,2028,5.0,4.5
477,48394,4.0,4.3
170,593,4.0,4.0
224,2918,5.0,4.0
301,539,3.5,3.9
543,48385,5.0,3.4
248,316,3.5,3.8
239,1917,4.0,2.7
255,1079,2.0,3.7
363,95,3.0,3.8
103,1230,4.0,4.2
541,595,3.0,3.8
542,4306,5.0,4.0
117,19,2.0,3.0
339,3471,4.0,4.4
573,45499,3.5,3.4
360,1608,5.0,3.0
167,35836,1.5,3.7
219,1393,3.0,4.0
589,736,5.0,4.2
215,4973,4.5,4.5
525,2987,4.0,3.6
577,923,3.0,4.4
606,1704,4.5,4.2
249,3175,3.0,3.6
128,1080,4.0,3.6
475,1291,5.0,4.4
177,377,3.0,4.2
82,5669,3.0,4.2
246,6016,3.5,4.3
314,597,3.0,3.8
470,39,3.0,3.8
204,1208,4.5,4.4
301,4034,4.0,4.2
305,59784,3.5,3.8
425,1221,3.5,4.2
505,48780,3.5,4.6
387,1035,2.0,4.2
64,2115,3.0,4.0
304,165,4.0,3.8
282,4995,5.0,4.4
63,2115,4.0,3.8
52,8874,5.0,4.2
577,1203,4.0,4.0
381,2502,4.5,3.6
177,1544,2.5,2.5
224,1210,2.0,4.1
425,5445,4.0,3.6
226,2985,3.5,3.6
74,48516,5.0,4.4
313,1968,2.0,3.8
43,34,5.0,3.1
376,1200,3.5,3.8
308,110,1.0,4.1
577,1270,5.0,4.2
57,1370,2.0,3.8
477,3,3.0,3.3
474,508,3.0,3.9
357,69122,3.5,3.7
561,786,1.5,3.5
361,2706,4.0,3.7
599,3408,2.5,3.8
43,552,5.0,3.6
131,79132,4.0,3.5
305,91500,2.0,3.9
222,110,4.0,4.2
381,3623,3.5,2.6
189,2571,4.0,4.3
414,357,4.0,3.8
573,110,5.0,4.4
176,153,3.0,3.4
380,1219,4.0,4.0
91,153,2.0,3.2
292,4963,3.0,4.2
239,3996,2.5,4.5
331,51255,4.0,4.2
434,68157,5.0,4.6
565,539,3.0,3.8
211,2858,4.0,4.2
499,1304,4.0,3.8
232,1196,4.5,3.9
222,778,3.5,4.0
567,116797,3.0,4.2
198,780,2.0,4.3
232,3977,3.0,2.6
560,296,4.0,4.1
316,168,1.5,3.6
517,1682,1.5,3.8
68,2012,1.0,3.1
480,1197,4.5,4.0
103,1198,3.5,4.4
330,2657,5.0,3.6
462,2997,3.5,3.8
598,4963,4.0,4.4
357,1407,3.5,3.4
456,3,3.0,3.7
303,2640,5.0,4.0
380,160,3.0,2.9
95,1036,5.0,4.0
274,2710,2.0,2.5
50,69122,1.0,3.6
520,34405,5.0,3.7
325,5418,4.0,4.0
600,2987,3.0,3.7
119,50872,4.0,4.2
491,88125,5.0,3.9
434,4979,4.5,4.4
216,3897,5.0,3.7
597,17,3.0,4.0
147,552,4.5,3.8
268,508,3.0,3.5
105,76093,5.0,4.2
561,1246,4.0,4.3
109,588,3.0,3.8
353,333,5.0,3.8
290,2529,4.0,4.0
559,434,2.0,3.1
380,1721,2.0,4.2
263,4973,4.0,4.8
434,33493,1.0,3.4
372,357,4.0,3.4
149,541,4.0,4.0
461,3578,0.5,4.3
160,778,5.0,4.4
66,5299,5.0,3.4
438,5481,3.5,3.2
414,49272,4.0,4.0
580,7143,4.0,4.2
590,736,2.5,3.7
38,586,3.0,2.8
342,2701,2.0,2.6
447,288,5.0,4.0
282,3949,4.5,4.4
583,1721,4.0,3.4
376,339,4.0,3.8
73,4886,4.0,4.2
217,3489,2.0,3.6
361,858,2.5,3.9
563,46578,2.5,4.2
312,1252,5.0,4.2
30,33794,5.0,4.2
195,2571,3.0,4.6
307,46578,4.0,4.3
528,1291,3.5,4.3
603,2395,5.0,4.1
541,454,4.0,3.5
292,541,3.5,4.5
68,1215,2.5,4.0
84,165,3.0,3.8
312,2985,4.0,3.6
474,1213,3.5,4.2
219,908,4.0,4.3
20,4226,3.5,4.4
132,32,3.0,3.9
477,56367,4.0,3.9
50,41566,2.0,3.6
417,1732,4.5,4.4
420,4816,4.0,3.6
18,1527,3.5,3.5
353,552,2.0,3.6
520,19,1.0,3.0
531,1291,5.0,4.3
480,597,3.0,3.8
567,4878,3.5,3.4
80,648,4.5,3.5
514,3160,4.0,3.4
242,150,3.0,4.6
608,1101,3.0,3.1
14,25,4.0,3.6
387,2692,4.0,4.0
555,1732,4.0,4.4
105,51662,4.5,3.6
101,2762,4.0,4.2
7,356,5.0,4.4
141,3535,2.5,3.0
317,47,5.0,4.2
176,377,4.0,4.2
105,4776,4.0,3.8
294,2078,4.0,3.6
217,1196,5.0,3.9
434,1485,2.0,3.6
292,592,3.5,3.7
480,357,3.0,3.7
111,74458,3.5,4.3
600,1923,3.0,3.9
307,1645,4.0,3.4
73,78499,5.0,4.4
448,1784,4.0,4.2
391,4011,4.0,4.6
304,3175,5.0,3.6
263,4226,5.0,4.2
171,1276,5.0,4.7
68,337,3.5,3.6
596,4896,3.5,3.8
198,1206,5.0,4.2
376,1584,4.5,3.8
95,2804,5.0,4.0
232,40815,2.5,4.0
17,293,3.5,4.4
129,45499,4.5,4.1
312,3033,3.0,3.7
489,924,4.0,4.0
552,4995,4.0,4.4
230,1214,3.5,4.2
21,33794,3.5,3.8
331,1213,5.0,4.8
498,110,5.0,4.4
452,1407,5.0,3.4
140,858,5.0,4.1
240,208,4.0,3.6
103,5669,3.0,4.0
380,33679,2.0,3.9
402,593,5.0,4.5
477,653,3.0,3.4
282,858,5.0,4.1
381,587,4.0,3.6
198,3147,5.0,4.3
176,370,3.0,3.4
573,4011,4.5,4.6
294,1210,4.0,4.0
424,318,3.5,4.7
96,1610,4.0,4.2
462,2599,4.5,3.8
489,590,4.0,3.8
292,1210,4.0,4.0
246,4226,5.0,4.3
4,2683,4.0,3.3
156,1704,4.0,3.9
64,333,4.5,3.8
160,2916,4.0,3.6
96,2716,5.0,3.8
354,593,4.0,4.5
599,1270,3.5,4.0
474,2080,4.0,3.6
453,2396,5.0,4.2
373,539,3.0,3.4
51,919,2.0,4.2
20,3996,3.5,4.4
330,1387,4.0,4.4
90,25,5.0,3.3
387,4878,4.5,4.0
267,4011,5.0,4.4
18,344,2.5,3.2
573,4022,3.5,4.0
387,440,2.5,3.4
116,1193,4.0,4.4
260,7361,3.5,4.4
433,91529,4.5,4.2
121,597,3.0,3.8
282,593,4.0,4.6
284,435,4.0,2.0
284,185,1.0,3.0
395,466,3.0,3.2
343,296,4.5,4.2
116,356,4.0,4.4
307,2,2.5,3.0
18,48780,4.5,4.5
156,4027,4.0,3.8
139,51255,2.0,3.6
160,2470,2.0,3.5
334,4027,4.0,4.0
405,4226,4.5,4.2
587,2054,3.0,2.6
282,5299,4.0,3.4
552,4896,3.5,4.4
63,89745,3.5,3.9
480,5669,3.5,3.8
479,3253,4.0,4.1
274,70286,3.5,3.6
385,480,4.0,3.4
380,33794,5.0,4.0
28,778,3.5,4.0
560,34405,2.0,3.6
177,1407,4.0,3.4
86,33794,4.0,3.8
43,367,5.0,3.6
186,2699,3.0,2.9
7,8360,3.5,3.8
428,160,1.5,2.8
313,3471,1.0,4.2
68,2683,3.5,3.6
318,673,3.5,3.4
255,2858,1.0,3.9
514,1291,4.0,4.3
288,33166,4.0,4.4
603,1721,3.0,3.5
584,292,5.0,3.9
45,3052,4.0,3.4
265,3527,3.0,3.6
398,8641,1.5,3.8
474,5378,3.0,3.4
428,2115,3.0,3.2
604,420,3.0,2.7
249,34405,5.0,3.6
337,141,3.0,3.4
596,4995,3.0,3.7
352,3052,4.0,3.4
581,5989,3.5,4.3
420,51662,3.5,3.8
21,1580,4.5,3.8
455,555,3.0,4.4
84,1214,3.0,4.0
524,1210,3.0,4.5
135,1136,5.0,3.6
91,1073,3.0,3.4
340,185,3.0,3.4
514,34,4.0,4.0
182,1127,0.5,3.4
212,79132,3.5,4.1
8,432,1.0,2.5
565,300,4.0,3.8
45,3717,5.0,3.8
563,5618,4.0,3.4
119,4886,4.5,4.4
361,2529,2.0,3.6
425,2916,3.5,3.7
373,508,5.0,3.6
322,4027,3.5,3.6
587,235,4.0,4.2
51,141,3.5,4.1
198,3897,2.0,4.0
211,8665,4.0,4.1
232,3717,3.5,3.9
332,1199,3.0,4.4
307,30793,2.5,2.3
212,109487,4.0,4.1
292,2302,4.0,3.2
212,8641,3.5,4.1
81,153,3.0,2.6
584,420,4.0,3.0
467,2028,4.0,4.2
474,1923,3.0,4.2
601,4226,5.0,4.3
90,17,5.0,3.9
117,593,5.0,3.8
381,4306,4.0,4.0
65,109487,4.5,4.1
480,4878,5.0,4.0
307,6863,2.5,3.1
483,2005,4.0,3.6
239,2916,3.0,4.0
105,1213,5.0,4.4
404,339,3.0,3.6
117,288,2.0,3.4
509,1732,3.5,4.4
64,4226,4.5,3.9
206,95,3.0,3.1
108,480,4.0,3.5
378,1193,4.5,4.2
599,44191,3.5,4.0
247,912,4.0,4.4
265,509,3.0,3.5
217,648,5.0,3.6
495,2959,5.0,4.4
117,595,4.0,3.8
368,292,4.0,3.4
141,3751,3.0,3.6
62,60069,4.5,4.4
414,3897,5.0,4.0
403,1213,4.5,4.2
468,39,5.0,3.6
393,5952,5.0,4.4
28,318,3.5,4.4
566,457,4.0,4.4
488,596,0.5,4.2
606,5378,3.5,3.0
470,300,4.0,3.4
100,1203,4.0,4.2
177,750,4.0,4.7
297,457,4.0,4.1
88,527,4.0,4.4
513,1225,5.0,4.4
51,1645,5.0,3.3
479,260,4.0,4.1
480,1222,3.5,4.2
600,5459,2.5,2.7
163,1721,3.0,3.0
480,2804,5.0,3.6
305,54001,3.0,4.4
28,4995,3.0,3.9
311,2324,0.5,3.9
274,733,3.0,3.7
176,588,3.0,4.3
509,2054,2.5,2.7
382,750,5.0,4.6
259,410,3.0,3.2
125,1240,4.0,4.1
337,32,4.0,4.1
24,552,3.5,3.4
187,5669,4.0,4.0
477,1968,4.0,4.0
177,51662,2.0,3.6
43,288,3.0,3.8
221,1199,5.0,4.4
129,2571,4.5,4.4
111,1704,4.0,4.4
590,110,4.0,3.9
291,60069,5.0,4.0
230,3114,3.0,3.6
483,76093,3.5,4.6
267,1200,5.0,4.5
495,112852,5.0,4.4
312,527,5.0,4.1
455,110,4.0,4.0
469,1307,4.0,3.8
477,48516,5.0,4.4
160,780,1.0,3.2
301,8368,3.5,4.3
414,1197,5.0,4.4
602,527,5.0,4.6
104,48780,4.5,4.4
335,589,5.0,3.4
288,1641,4.0,3.9
66,551,3.5,3.4
274,1500,3.5,3.2
338,50,4.5,4.5
414,223,5.0,4.3
480,1380,3.0,3.4
66,6333,4.0,3.7
62,33794,5.0,4.4
45,223,5.0,4.0
42,1246,5.0,4.2
409,318,4.0,4.5
117,50,4.0,4.6
370,4011,4.0,4.2
109,288,5.0,3.6
100,357,4.0,3.4
367,2671,5.0,3.2
331,10,3.0,3.5
99,10,4.0,4.1
597,786,1.0,3.2
298,924,4.0,3.6
313,1625,5.0,3.5
525,2081,3.5,3.6
187,70,4.0,3.6
108,4973,5.0,4.3
543,4226,5.0,4.2
483,30793,4.0,3.0
539,8641,3.5,4.0
6,349,5.0,3.6
21,68954,4.5,4.6
304,924,4.0,4.2
608,5378,4.5,3.4
8,590,5.0,3.8
425,552,3.0,3.4
103,344,3.5,3.4
297,454,3.0,3.4
599,370,2.5,3.4
608,780,3.0,3.6
86,2762,4.0,3.8
603,293,2.0,4.4
160,2081,5.0,3.6
212,6874,3.5,4.2
577,318,5.0,4.6
432,3793,4.0,3.8
239,2355,3.5,3.5
387,35836,3.5,3.6
382,1917,3.5,3.1
411,368,4.0,3.8
41,35836,4.0,3.3
292,56174,3.5,4.0
318,7147,4.5,4.4
339,150,4.0,4.4
610,4973,4.0,4.7
187,608,4.5,4.4
537,45722,5.0,4.0
303,1240,5.0,4.0
540,45722,4.0,3.6
156,1968,3.5,4.0
553,2959,5.0,4.4
104,4896,4.5,4.5
307,4226,4.0,4.2
428,1097,1.0,3.6
390,2858,2.5,4.5
38,62,3.0,3.6
480,3948,2.0,4.0
255,2355,3.0,3.4
298,34405,4.0,3.6
218,172,2.0,2.4
91,586,2.0,3.1
328,1080,5.0,3.6
525,34,3.0,4.1
104,72998,3.0,4.0
342,288,3.0,3.4
229,509,3.0,4.2
509,1136,4.0,3.8
385,1197,4.0,4.0
368,16,4.0,4.0
24,1784,4.0,4.0
462,1380,4.0,2.8
127,903,3.0,4.4
217,2987,3.0,3.6
437,62,3.0,4.2
82,6863,3.5,3.4
432,47,4.0,4.2
267,2762,2.0,4.4
596,2701,1.5,2.1
11,292,4.0,3.6
72,2329,4.5,4.3
391,1968,4.0,4.1
590,440,4.0,3.6
599,2918,3.5,3.6
464,5989,5.0,4.2
266,1206,5.0,4.4
475,260,5.0,4.6
1,1732,5.0,4.0
174,474,4.0,3.7
93,480,5.0,3.8
21,5445,4.5,3.4
252,50872,4.5,4.4
257,3996,4.5,3.5
326,48774,4.5,4.3
17,68358,4.5,4.2
469,1127,5.0,3.6
66,1639,4.5,3.0
247,51662,5.0,3.5
54,592,3.0,3.6
155,1968,2.0,3.6
200,4963,4.0,4.2
485,590,5.0,4.2
160,1213,4.0,4.6
64,3785,2.5,3.4
266,1466,5.0,3.9
414,316,3.0,3.3
590,3175,2.5,3.4
226,3552,3.5,4.5
448,2947,4.5,3.8
185,3897,4.0,3.8
366,44191,3.5,4.3
364,858,5.0,3.9
447,296,5.0,4.0
2,91529,3.5,4.3
494,480,3.0,3.7
241,6016,3.5,4.2
372,1208,5.0,4.5
302,3,3.0,3.2
19,1258,2.0,4.2
66,2470,4.0,3.4
187,2657,4.5,3.4
37,318,4.0,4.6
72,1270,4.0,4.1
546,3408,4.0,3.6
605,1608,3.0,3.4
51,1302,5.0,3.2
573,112852,4.5,4.3
469,2791,3.0,3.6
477,19,3.0,2.8
529,104,3.0,3.4
483,1573,2.5,3.6
223,2396,4.0,4.2
492,104,4.0,3.4
480,1387,3.5,4.4
404,587,3.0,3.5
312,608,4.0,4.4
453,2502,5.0,3.6
184,91529,4.0,4.6
416,509,4.5,3.8
121,163,4.0,4.0
217,2028,4.0,4.0
275,2671,5.0,3.5
222,3421,4.0,3.4
590,6863,3.0,3.2
81,165,3.0,3.6
600,1214,2.5,4.0
352,6539,4.0,3.8
520,1234,5.0,4.0
57,1580,4.0,3.7
55,4011,5.0,4.4
607,1544,4.0,2.6
448,485,4.0,2.8
558,4993,5.0,4.0
8,380,5.0,3.4
110,1198,3.5,4.3
132,3717,2.0,3.8
19,2706,3.0,4.0
200,1073,4.0,3.3
560,1199,4.0,4.4
600,1639,2.5,3.2
307,3081,4.0,3.2
193,778,4.0,4.0
101,3160,4.0,3.8
219,5952,3.5,4.4
432,8360,4.5,3.5
140,1573,3.0,3.3
68,3753,3.0,3.2
157,527,5.0,4.4
160,4034,5.0,4.2
332,293,3.0,3.9
376,60069,4.5,4.2
590,5378,3.0,3.4
111,122904,5.0,4.2
177,8636,3.0,3.6
84,1380,4.0,3.4
357,4034,3.5,4.2
370,7438,3.5,3.9
391,2712,4.0,3.4
43,292,5.0,3.5
200,50872,4.5,4.0
387,778,4.5,4.4
573,2167,4.5,3.0
95,34,4.0,3.9
336,50,5.0,4.6
284,296,4.0,4.4
264,41566,5.0,3.5
552,597,2.5,3.6
438,6863,4.0,3.2
237,106782,3.0,4.3
18,32,4.0,3.8
468,165,3.0,3.8
268,1704,3.0,3.6
137,1,4.0,4.2
597,1197,5.0,4.3
356,1136,4.0,4.0
122,1265,5.0,4.2
41,6377,4.0,4.2
21,63082,3.5,3.6
39,1097,4.0,4.0
287,1090,3.0,3.4
50,7438,3.5,3.8
462,1213,4.5,4.4
34,2617,4.0,3.2
573,1148,5.0,4.1
137,7153,5.0,4.4
265,1196,5.0,4.1
149,1210,4.0,4.2
41,109374,3.5,3.6
562,8665,3.0,4.3
200,6373,4.0,3.6
307,2985,2.5,3.0
607,318,5.0,4.7
417,81845,4.0,4.3
480,2406,4.5,3.5
318,1544,3.5,2.8
425,6874,3.5,4.2
223,110,3.5,4.0
593,377,2.5,3.6
312,1215,5.0,3.8
101,3717,4.0,3.4
219,4025,0.5,3.2
410,904,5.0,4.5
438,2012,3.0,3.3
220,4226,5.0,3.7
389,104,4.0,3.0
356,4034,4.0,4.2
186,2100,4.0,3.4
86,260,4.5,4.6
226,6373,3.0,3.5
247,1196,4.5,3.6
105,91500,4.0,3.7
45,1036,3.0,3.8
292,500,4.0,3.6
477,51255,4.5,4.4
331,54001,3.0,4.2
432,5418,4.5,4.1
226,2100,3.0,3.0
177,1682,3.5,4.0
376,2700,3.5,4.0
226,377,2.5,4.2
608,6874,4.0,4.3
380,586,4.0,3.0
169,953,5.0,4.6
63,1221,4.0,4.6
159,4306,4.0,4.4
18,1196,4.0,4.0
434,4993,5.0,4.6
412,1199,4.0,4.2
220,1580,5.0,4.1
267,1206,1.0,4.2
370,8636,4.0,3.8
31,62,4.0,4.2
135,1391,3.0,3.9
135,2683,4.0,3.4
140,5952,4.0,4.2
202,1391,3.0,3.4
354,33493,4.0,3.2
195,1210,4.0,4.2
451,457,4.0,4.0
520,1080,4.0,3.2
239,4011,5.0,4.7
520,344,1.0,3.6
261,1222,4.0,3.7
468,300,4.0,3.3
344,2628,5.0,3.4
593,8961,3.0,3.8
610,1208,5.0,4.6
469,2268,3.0,3.9
330,4022,5.0,4.0
63,4993,4.0,3.9
34,1527,4.5,4.0
45,3793,5.0,4.0
166,353,4.0,3.3
284,357,4.0,3.8
419,1089,5.0,4.6
590,2406,3.5,3.5
524,912,3.0,4.3
226,1732,5.0,4.4
424,4226,4.5,4.5
516,4027,4.0,3.8
294,1374,4.0,4.4
126,329,4.0,3.3
10,588,4.0,3.8
216,3481,5.0,3.6
514,1784,4.0,4.2
21,6942,4.0,3.8
452,1200,5.0,4.3
282,2268,4.0,4.0
118,2329,3.0,4.0
121,11,4.0,3.9
63,48516,4.5,4.6
477,551,3.5,3.2
167,442,1.5,3.6
249,648,3.5,3.4
484,2858,4.5,4.6
220,68358,5.0,4.3
70,150,4.0,4.1
356,1208,5.0,4.6
330,2054,3.0,2.6
365,1610,0.5,4.0
152,1221,4.0,4.6
464,2858,4.0,4.4
284,10,4.0,3.9
352,69844,4.0,4.0
239,3623,4.0,2.6
217,1200,3.0,4.0
68,2657,1.5,3.2
43,420,5.0,3.0
425,597,3.5,3.6
290,1641,4.0,3.8
414,52973,4.0,3.8
210,4306,4.0,3.7
1,2012,4.0,3.6
599,8961,2.5,4.0
428,4993,3.5,4.0
341,4447,4.0,3.2
275,1639,3.0,3.2
562,6502,4.5,4.0
249,4816,4.0,3.4
534,2028,4.5,4.0
132,1307,3.5,4.2
288,329,3.5,3.2
176,485,3.0,3.5
54,318,4.0,4.3
427,5445,3.5,3.6
490,7361,4.0,4.2
274,5445,3.5,3.6
294,2396,4.0,4.0
6,368,5.0,3.8
256,6874,3.5,4.0
239,1196,5.0,4.2
42,1097,4.0,3.6
286,1370,3.0,3.8
229,21,4.0,4.0
367,2529,3.0,4.0
50,1101,2.5,3.2
177,81845,5.0,4.5
64,2302,3.5,3.0
519,318,5.0,4.4
307,1270,4.0,4.2
142,161,5.0,3.4
483,2115,4.0,4.1
477,2174,3.0,3.4
452,1573,5.0,3.4
371,1377,3.5,3.5
201,1035,4.0,4.2
288,47,3.5,4.5
498,161,5.0,3.5
282,2683,4.0,3.7
42,457,4.0,4.4
135,2324,4.0,4.8
217,2916,3.0,3.8
559,316,3.0,3.6
525,2657,4.5,3.8
215,1968,5.0,3.7
330,2716,4.0,3.9
580,3175,2.5,3.6
140,1500,5.0,3.2
212,8961,3.0,3.9
599,1197,3.5,4.0
353,32,5.0,3.8
332,1625,3.5,3.3
446,316,4.0,3.7
80,4878,5.0,4.0
68,8665,3.5,4.3
56,288,3.0,3.4
572,1210,5.0,4.7
597,2395,5.0,4.0
405,1214,4.0,4.3
239,3578,4.5,4.3
166,1,5.0,4.0
221,589,4.5,3.8
7,45499,4.0,3.3
64,1917,2.5,2.6
512,454,4.0,3.8
510,8644,3.0,3.6
220,2683,3.5,3.2
362,48780,4.0,4.8
477,1214,4.5,3.8
246,49272,5.0,4.1
143,4447,5.0,3.2
247,32587,3.0,3.7
522,541,2.5,4.6
104,3033,4.0,3.5
177,4979,3.5,3.8
509,5459,3.0,2.8
558,1073,5.0,3.8
264,316,3.5,3.2
521,36,4.0,3.9
105,593,4.5,4.0
319,110,4.5,4.1
411,593,5.0,3.6
448,78499,5.0,4.2
279,924,4.0,4.2
186,2985,4.0,4.0
372,62,3.0,4.0
509,2701,3.0,1.8
298,1136,2.5,3.8
187,1206,4.0,4.4
41,2671,3.0,3.2
482,1961,3.0,3.8
18,91500,4.0,3.9
365,8368,3.0,4.0
177,788,0.5,3.2
603,39,5.0,3.4
325,466,2.0,2.4
525,520,4.5,3.4
587,357,3.0,3.8
391,1732,3.0,4.2
362,47,4.5,4.2
438,48780,4.0,4.4
446,10,3.0,3.5
527,912,4.0,4.0
309,6365,2.5,3.6
438,3897,4.0,3.9
290,2396,4.0,4.1
274,34405,3.5,4.0
542,6539,4.0,4.2
494,1201,4.0,4.6
50,318,3.5,4.8
385,62,3.0,3.6
145,434,3.0,3.0
91,653,2.5,3.5
434,4226,5.0,4.2
399,1580,0.5,3.7
288,1610,3.0,4.0
279,122904,4.0,4.2
231,2571,5.0,4.5
1,3,4.0,3.4
212,293,3.0,4.0
326,6016,5.0,4.4
560,2701,3.0,2.4
118,1213,5.0,4.3
605,3052,2.0,3.6
286,5952,4.5,4.4
298,2985,3.0,2.9
240,595,3.0,3.9
21,3253,4.0,3.2
201,32,4.0,3.8
247,3578,4.0,4.3
596,1198,3.5,4.4
601,99114,4.0,4.3
57,2194,4.0,4.1
506,109487,5.0,3.4
226,780,3.0,4.0
413,16,5.0,3.8
288,733,3.0,3.6
546,70,5.0,3.5
466,260,1.5,4.4
601,1721,4.0,4.2
300,109487,5.0,4.4
24,33679,3.5,3.7
412,2542,4.0,4.6
312,3081,4.0,3.4
43,457,5.0,3.8
424,2291,4.0,4.0
590,7143,3.0,4.1
18,7361,4.0,4.4
173,586,3.0,3.4
357,592,3.0,3.2
436,235,3.0,3.7
390,3408,4.0,3.5
387,3253,2.0,3.4
18,500,3.5,3.6
386,480,2.0,3.2
212,4027,3.5,4.0
446,500,3.0,3.4
380,54286,3.5,4.0
173,410,3.0,3.3
83,4720,0.5,4.0
525,48394,4.0,4.4
232,8641,3.5,4.2
249,45722,3.5,3.9
498,300,4.0,3.6
135,3052,5.0,3.6
610,6711,5.0,4.6
314,673,3.0,3.2
448,1917,3.0,2.5
41,1089,2.0,3.8
354,7438,4.0,4.2
591,3160,2.0,3.6
332,2174,3.0,3.2
156,1387,3.5,4.6
381,8464,3.5,3.8
160,3114,2.0,3.7
573,2329,5.0,4.3
219,673,3.5,3.2
413,296,5.0,4.1
495,2054,3.0,3.0
489,440,3.5,3.5
186,3408,4.0,3.8
25,2571,5.0,4.4
361,1370,3.5,3.6
483,780,3.0,3.8
428,317,1.0,3.2
56,10,4.0,3.8
399,2858,0.5,4.7
534,3751,4.0,4.0
36,552,2.0,3.3
472,318,5.0,4.5
346,1230,4.5,4.3
489,53125,2.0,3.8
599,6539,2.5,4.0
1,316,3.0,3.3
182,44191,4.0,4.0
400,318,5.0,4.7
586,339,4.0,4.1
478,708,2.0,3.6
603,1617,5.0,4.0
21,2716,3.5,3.8
22,6539,2.5,3.9
517,1282,5.0,3.6
233,81845,3.5,4.6
534,46578,2.5,4.2
45,1639,4.0,3.0
357,1028,4.5,4.4
295,32587,3.5,4.0
603,908,4.0,4.4
599,89745,3.0,4.0
448,32,2.0,4.1
159,1259,2.0,4.0
294,2006,2.0,3.6
390,58559,2.5,4.8
579,1923,5.0,3.9
265,2701,2.0,2.4
54,420,2.0,2.8
603,4027,3.0,3.7
319,356,4.0,4.2
453,2006,4.0,3.1
609,208,3.0,3.1
513,593,4.0,4.2
458,474,5.0,4.0
530,380,2.0,3.8
199,509,3.0,4.0
225,588,4.0,4.0
198,266,4.0,3.0
28,300,2.0,3.4
19,2012,3.0,3.2
181,7,3.0,3.2
300,4973,4.0,4.2
226,1246,4.0,4.4
285,1704,4.0,4.4
322,150,4.0,4.0
105,1466,4.5,3.8
432,35836,4.0,3.5
262,260,4.0,4.5
414,33166,4.0,4.6
32,1196,4.0,4.5
132,588,3.5,3.6
265,1573,2.0,3.3
297,70,2.0,3.5
72,356,4.0,4.4
590,5956,3.5,3.8
354,1732,4.0,4.4
332,1,4.0,3.8
224,953,4.0,4.4
364,733,4.0,3.8
596,593,4.0,4.0
195,150,4.0,4.2
298,32,4.0,4.1
564,52973,3.0,3.9
407,7153,5.0,4.6
148,116797,4.5,3.7
426,7361,3.5,4.6
63,1208,5.0,4.4
422,912,4.0,4.0
1,1213,5.0,4.3
232,48774,4.0,4.2
562,364,5.0,4.2
177,30793,2.5,2.8
228,60069,4.0,4.0
432,912,5.0,4.0
362,33794,4.5,4.3
520,5952,3.5,4.1
518,6377,5.0,4.0
215,778,3.0,4.0
169,3033,4.0,3.7
566,110,5.0,4.4
464,653,2.5,3.5
285,296,4.0,4.4
14,527,3.0,3.7
292,2529,3.0,3.8
610,5989,3.5,4.0
380,99114,4.0,3.8
64,1639,3.5,3.2
91,2762,4.0,3.8
452,1198,5.0,4.4
319,6942,4.0,4.1
600,5956,2.5,3.2
239,590,4.0,4.2
315,1028,3.0,4.2
490,1784,3.0,3.8
369,185,3.5,2.6
566,32,4.0,3.8
287,1917,0.5,2.4
381,47,2.0,4.0
202,1199,4.0,4.4
483,3623,0.5,2.8
606,1732,4.5,4.4
464,2028,4.5,4.8
103,4848,5.0,4.2
580,329,4.0,3.4
447,592,3.0,4.0
200,1028,3.0,4.2
599,2078,3.0,3.4
572,457,5.0,4.6
525,69122,3.0,3.6
414,1387,4.0,4.5
306,60069,5.0,3.6
511,1198,5.0,4.6
45,1500,3.0,3.2
586,3147,4.0,4.2
425,2918,3.0,3.6
313,919,3.0,3.6
352,32587,3.0,4.1
230,6365,4.0,3.5
600,2078,3.5,3.4
580,608,4.0,4.5
267,541,5.0,4.6
308,56174,1.0,3.4
318,3948,2.5,4.0
96,1,5.0,4.0
181,163,2.0,3.6
205,356,4.0,4.2
328,44191,2.0,4.1
19,1240,4.0,3.5
482,1288,3.5,3.8
323,337,3.5,3.8
401,1136,4.0,3.8
294,2858,3.0,3.4
288,3578,2.0,4.2
45,778,4.0,4.4
283,104,4.0,4.0
100,1265,3.5,4.0
13,2174,3.0,3.6
606,8464,4.0,3.8
474,4886,3.0,4.2
452,1222,5.0,4.5
182,648,4.0,3.3
274,1288,3.0,3.8
334,553,3.5,3.2
182,4816,3.5,3.4
286,3578,3.5,4.4
21,53125,4.0,3.3
435,33794,4.0,4.2
18,112852,4.5,4.1
590,2657,3.0,3.4
368,555,3.0,4.2
144,4973,4.0,4.4
555,2797,5.0,3.6
513,296,4.5,4.6
8,440,3.0,3.8
308,5816,5.0,4.4
380,34162,3.0,4.0
555,1374,3.0,4.2
255,1394,3.0,4.2
353,25,4.0,4.0
301,8636,3.0,3.8
592,293,4.0,4.2
483,520,4.0,3.6
316,2572,3.0,3.8
18,45499,4.0,3.8
65,74458,4.5,4.2
491,104,2.5,3.9
198,1732,3.0,3.6
23,5618,4.0,3.9
76,40815,3.0,4.0
590,3421,3.5,3.4
419,4022,4.5,3.8
72,589,4.5,3.8
226,316,2.5,3.4
480,708,3.5,3.4
608,10,4.0,3.6
551,4226,3.0,4.5
156,235,4.0,4.1
483,32,5.0,3.7
567,2324,3.5,4.7
103,410,4.0,3.2
212,68157,4.0,4.4
438,1240,4.0,3.8
139,69844,3.0,3.8
112,454,4.0,3.6
386,110,3.0,4.0
361,5459,4.0,3.0
546,1270,3.0,4.2
514,112852,3.0,4.1
599,333,2.5,4.1
527,1291,4.0,4.6
608,34048,4.5,3.2
222,5956,4.0,3.6
298,3033,3.5,3.5
560,48516,4.0,4.4
415,1234,5.0,4.0
438,420,3.0,3.2
431,3948,3.0,3.0
497,551,4.0,3.2
124,110,3.5,4.6
375,1196,5.0,4.6
22,70286,0.5,3.6
7,7153,4.0,3.9
274,2028,4.0,3.9
307,39,2.0,3.0
202,1097,4.0,3.7
61,7153,4.5,4.2
593,7153,4.5,4.1
1,2657,3.0,3.7
91,1,4.0,3.8
294,316,3.0,3.1
564,104,3.0,3.5
246,1584,3.5,3.9
233,6016,3.5,4.3
361,8360,3.5,3.4
51,1201,4.0,4.4
45,54286,4.5,4.0
84,592,3.0,3.3
172,2005,4.0,4.1
222,6373,4.0,3.3
414,588,4.0,3.8
501,25,2.0,3.2
387,1265,3.5,4.2
135,2858,4.0,4.3
365,356,4.5,4.2
432,1221,4.0,4.2
603,1240,4.0,3.6
483,48,3.0,2.9
483,2571,4.5,4.3
37,457,4.0,3.8
425,586,2.5,3.1
19,1136,3.0,4.0
182,4963,4.0,4.2
142,150,5.0,4.1
562,1219,4.0,4.2
336,552,3.0,3.6
445,910,3.5,4.3
330,1213,3.5,4.2
425,7147,3.5,4.4
608,2700,3.0,3.9
72,457,4.5,4.2
387,3481,3.5,3.8
464,58559,3.5,4.8
21,2628,4.0,3.4
453,736,3.0,3.6
84,380,3.0,3.0
483,1028,4.5,4.1
286,6539,4.0,4.0
369,2706,3.5,3.8
534,2628,3.5,3.6
182,1148,4.5,4.0
125,4226,4.0,4.3
517,1641,4.5,3.8
132,4226,4.0,4.4
174,300,2.0,3.6
172,2762,4.5,3.6
288,2657,2.0,3.6
220,590,5.0,4.4
431,1625,4.0,3.6
428,1721,1.0,4.0
590,1391,2.5,3.6
449,2006,1.0,3.0
292,1610,4.0,4.0
8,39,3.0,4.0
357,141,3.0,3.8
17,592,4.5,4.0
452,4027,5.0,4.2
586,168,3.5,3.8
122,292,4.0,3.6
141,4886,4.0,4.2
63,79132,3.5,4.1
226,589,4.0,4.0
603,527,3.0,4.0
449,5952,2.0,4.8
600,5952,5.0,4.4
103,337,4.0,3.7
469,2470,3.0,3.3
223,736,3.0,3.6
45,5445,4.0,3.8
425,780,3.5,4.0
140,4306,3.0,3.9
183,474,4.0,4.0
219,4963,5.0,4.2
375,500,3.0,3.4
104,608,4.0,4.3
376,4993,4.5,4.2
408,1517,4.0,3.5
111,53125,3.5,3.6
166,1258,4.0,4.3
525,6539,4.5,4.0
266,2174,4.0,3.4
372,296,4.0,4.1
484,3253,4.0,3.8
57,1544,2.0,2.4
600,1247,3.5,4.3
484,2078,5.0,4.0
495,1208,4.5,4.6
4,2959,2.0,4.4
76,69122,3.0,3.6
134,288,4.0,3.5
483,5618,5.0,4.4
489,6874,5.0,4.1
96,858,4.0,4.6
318,79132,4.0,4.2
22,68157,4.0,4.0
12,357,3.5,3.4
82,337,2.5,3.2
570,110,3.5,3.8
103,5952,3.5,4.2
60,527,5.0,4.5
432,589,3.5,3.8
606,53125,2.0,3.8
434,3471,3.5,4.4
29,924,5.0,4.3
498,344,2.0,3.5
330,4993,3.5,4.0
445,590,3.5,3.8
78,1,4.0,4.0
534,500,4.5,4.2
139,6378,2.0,4.0
469,1207,4.0,4.5
480,8874,4.0,4.2
461,1961,3.5,3.6
195,16,4.0,3.8
354,5349,4.0,3.6
210,4370,4.0,3.1
448,4226,4.0,4.0
219,8360,4.0,3.7
488,2324,4.5,4.8
266,1136,5.0,4.1
274,6934,1.5,3.0
256,60069,4.5,4.1
428,4025,2.0,2.9
357,2012,4.0,3.3
305,44191,2.5,4.2
64,586,3.0,3.0
116,350,4.0,3.7
54,296,3.0,4.2
137,2628,3.0,3.3
1,2395,5.0,4.0
16,50,4.0,4.1
554,1208,3.0,4.4
489,2011,3.5,3.2
425,296,4.0,3.8
292,1370,4.0,3.8
533,79132,4.0,4.4
464,593,5.0,4.1
381,3977,3.5,2.8
165,3996,4.0,4.0
580,1721,4.0,4.0
590,55820,4.0,3.8
64,141,3.0,3.6
150,7,3.0,2.7
91,318,2.0,4.2
609,592,3.0,3.3
307,2571,3.5,4.4
220,1258,2.0,3.9
477,367,1.0,3.5
370,1777,4.0,3.4
38,592,4.0,3.7
409,1380,4.0,3.8
359,589,3.0,4.1
88,5952,5.0,4.6
473,4979,4.5,3.9
42,225,4.0,3.7
452,2762,5.0,4.0
590,8961,4.0,4.0
275,2858,4.0,4.4
54,588,3.0,4.2
232,41566,3.5,3.8
607,593,5.0,4.0
525,69844,4.0,3.9
64,2324,4.0,4.8
600,4963,1.0,4.0
339,318,4.0,4.8
370,6377,3.5,4.4
514,11,4.0,4.0
610,8641,4.5,4.2
590,49272,4.0,3.8
599,7153,3.0,4.0
18,6365,3.5,3.8
234,1,5.0,3.7
462,1923,3.0,3.8
440,7361,4.0,4.4
201,25,5.0,4.5
215,49272,4.0,4.0
159,4886,4.0,4.2
111,1485,3.5,3.8
520,49272,3.0,4.4
64,3,3.5,3.4
439,318,5.0,4.6
111,8368,4.0,4.2
120,141,3.0,3.0
192,288,3.0,3.4
27,3033,2.0,3.8
308,292,1.0,3.2
542,8665,2.0,4.4
573,1923,4.5,4.0
19,3785,1.0,3.4
50,1080,3.5,3.3
249,1527,4.0,3.6
581,8368,4.5,4.6
562,4886,4.5,4.4
19,2617,3.0,3.2
223,1721,2.0,3.6
448,454,3.0,3.1
555,435,2.0,2.2
362,593,5.0,4.6
605,69844,4.5,3.9
424,50,5.0,4.2
91,2529,4.0,4.0
52,59784,4.0,4.4
42,344,2.0,3.0
19,1407,3.0,3.2
215,912,4.5,4.2
556,69844,3.5,4.1
452,589,5.0,4.0
328,318,5.0,4.4
229,440,4.0,3.9
285,1252,5.0,4.6
142,356,4.0,4.6
129,2167,4.0,3.0
352,3717,3.0,3.7
606,1199,4.0,4.4
251,78499,5.0,4.2
183,733,4.0,4.3
482,474,3.5,3.8
20,2700,4.5,4.0
190,4306,3.5,3.6
391,1645,2.0,3.6
432,648,4.0,3.2
8,2,4.0,3.6
212,5952,3.0,3.6
592,420,3.0,3.0
23,1258,5.0,4.2
33,1923,5.0,4.2
395,588,2.0,3.6
328,150,3.0,4.0
226,1704,4.0,4.0
372,353,2.0,3.2
572,1,4.0,4.0
551,1704,4.5,4.0
448,4034,3.0,4.2
559,370,3.0,3.2
201,480,5.0,4.1
414,1080,5.0,3.7
262,318,3.0,4.1
476,380,3.0,4.0
405,25,4.0,4.0
308,1036,1.0,3.8
263,7147,4.0,4.4
230,231,2.0,3.3
91,6863,2.5,3.2
33,919,5.0,3.7
42,1374,4.0,4.2
314,1391,4.0,3.7
419,780,4.5,3.8
414,3623,4.0,3.0
474,2396,4.0,4.2
83,586,1.5,3.1
274,49272,4.0,3.6
171,367,3.0,3.8
331,296,5.0,4.1
376,32,5.0,4.0
483,4995,4.5,4.1
610,2355,3.5,3.4
304,36,1.0,4.2
182,377,2.5,3.8
509,17,3.0,3.3
294,555,3.0,4.4
115,34,2.0,3.4
580,4370,3.0,3.0
610,53125,3.5,3.4
103,356,4.0,4.1
308,3,0.5,3.4
525,158,3.5,3.4
387,2712,4.0,2.8
597,1214,5.0,4.2
220,2502,5.0,3.6
411,434,3.0,3.2
98,858,3.0,4.0
249,5218,4.0,4.0
33,223,4.0,4.5
380,34405,5.0,3.6
448,440,3.0,3.3
202,235,4.0,3.8
129,8665,4.0,4.2
517,509,3.5,3.8
322,1080,5.0,3.3
415,1201,5.0,4.8
177,1225,3.0,4.5
346,17,4.0,3.4
522,2706,3.0,4.2
6,17,4.0,3.6
503,500,3.5,3.6
177,2804,5.0,3.4
6,95,4.0,3.5
221,7361,4.0,4.5
232,586,3.0,2.8
168,1208,5.0,4.6
521,648,4.0,4.2
435,68358,4.5,4.2
414,2105,3.0,3.2
58,253,2.0,3.6
19,1552,3.0,3.4
179,318,5.0,4.8
246,589,5.0,4.0
349,500,3.0,3.6
249,908,4.0,4.4
50,1225,3.5,4.3
572,339,3.0,4.1
542,6377,4.5,4.1
219,2302,3.0,3.1
538,1278,4.0,4.4
475,4370,5.0,3.2
102,3,5.0,3.6
234,1784,4.0,3.6
156,500,2.0,3.4
489,541,4.0,4.5
380,3033,5.0,3.6
199,539,2.0,3.7
370,6365,3.5,3.4
344,1214,1.0,4.2
95,6934,4.0,3.4
577,1968,3.0,3.8
68,25,3.5,3.8
520,1527,3.5,3.6
606,551,3.0,3.4
190,6377,3.5,4.0
187,1784,3.0,4.0
425,7438,4.0,4.2
542,141,4.0,3.4
544,95,4.0,3.8
345,2791,4.0,3.7
282,4776,4.5,4.0
438,11,4.0,3.4
339,1,4.0,4.0
381,19,2.5,2.6
169,2054,3.0,3.2
381,3753,4.0,3.3
561,4979,5.0,4.0
140,4896,3.0,4.5
68,54001,5.0,4.1
284,539,4.0,4.0
19,1073,4.0,3.8
563,588,4.0,4.3
462,288,3.5,2.9
493,1222,4.0,4.4
600,5349,3.5,3.6
107,380,4.0,3.7
608,788,2.5,3.2
226,784,4.0,3.0
434,5669,4.0,4.0
231,1291,4.0,4.0
457,733,5.0,4.3
425,480,3.5,3.3
178,1213,4.0,4.4
560,3408,3.5,3.8
347,597,4.0,3.6
416,4306,0.5,3.2
391,3623,1.0,2.7
541,95,3.0,3.5
219,6874,4.5,4.3
246,60069,5.0,4.6
317,858,5.0,4.4
43,231,3.0,3.9
254,2028,5.0,4.6
414,786,3.0,3.4
6,597,4.0,3.8
510,145,3.0,3.2
177,1394,2.0,4.2
226,56174,4.0,4.0
307,500,2.0,3.5
584,500,5.0,4.0
372,34,4.0,2.8
282,1240,4.5,3.8
560,5669,4.0,4.0
38,440,3.0,3.8
96,788,1.0,3.2
100,2502,4.5,3.7
20,5299,4.0,3.4
483,45722,3.5,4.0
136,344,1.0,3.3
186,1197,4.0,4.2
590,4226,3.5,4.3
428,3996,4.0,4.0
26,296,4.0,4.1
305,1252,4.0,4.3
567,68954,3.0,3.8
91,1079,4.0,4.1
311,6365,3.5,3.7
143,78499,4.0,4.0
86,4993,4.0,3.8
223,8360,4.0,3.6
249,2617,4.0,3.2
304,296,5.0,4.4
489,7438,5.0,3.8
134,316,4.0,3.8
132,4308,4.0,4.2
581,5952,4.5,4.2
140,1682,4.0,3.8
392,1197,3.0,4.6
10,1784,3.5,3.9
420,45499,3.0,3.2
68,2078,3.0,3.6
464,1196,5.0,4.6
260,1206,2.0,4.2
160,153,3.0,2.9
425,1466,4.0,3.8
346,750,4.5,4.2
354,2571,4.0,4.5
428,2858,3.5,4.2
56,253,3.0,3.5
61,1208,4.5,4.6
599,3671,3.5,3.9
365,48774,1.5,4.0
420,3081,4.5,3.2
185,2081,4.0,3.5
597,1923,5.0,4.0
187,25,3.0,3.6
525,673,2.5,3.0
464,4963,4.0,4.1
81,457,4.0,4.1
357,296,4.5,4.3
573,780,5.0,4.0
6,466,2.0,2.8
69,4027,5.0,4.0
307,2542,3.0,4.4
266,541,5.0,4.6
393,5445,0.5,3.6
572,357,4.0,3.4
489,6934,0.5,2.9
402,329,3.0,4.2
107,165,3.0,4.0
437,225,3.0,3.8
397,750,4.0,4.2
220,1036,5.0,4.4
580,1036,4.0,4.2
594,165,4.5,4.2
295,50,5.0,4.4
527,733,5.0,3.9
226,34162,3.5,3.8
601,33794,4.5,4.5
284,440,4.0,3.8
220,7153,4.5,4.2
461,480,0.5,3.4
182,3949,4.0,4.4
182,6863,4.0,3.2
14,337,5.0,3.8
610,3977,2.0,2.7
466,68358,4.0,4.2
469,1090,4.0,3.5
124,4226,4.5,4.2
448,1704,4.0,3.9
398,32,5.0,4.0
560,91529,3.5,4.4
249,71535,4.5,3.3
264,1917,3.5,3.0
239,1206,5.0,4.2
217,1221,2.0,4.4
166,47,4.0,4.4
312,442,2.0,3.4
520,2791,4.0,3.8
426,59784,2.5,3.5
286,2710,3.5,3.0
282,1079,4.0,4.3
594,786,5.0,3.5
68,508,3.0,3.5
471,7147,4.0,4.2
556,8368,4.0,4.4
68,1210,5.0,4.4
538,588,5.0,4.4
480,4308,4.0,4.3
286,1097,4.0,3.6
10,2858,1.0,4.2
560,1246,3.5,3.9
249,96079,4.0,3.8
131,4011,3.5,4.4
559,150,3.0,4.3
414,904,5.0,4.4
120,736,3.0,3.4
280,4308,2.5,4.2
387,432,0.5,2.8
221,1584,3.5,3.8
484,2502,4.5,3.6
379,434,3.0,3.5
68,3481,2.0,3.8
235,25,5.0,3.8
470,653,3.0,3.4
376,1198,4.0,3.7
292,1544,4.0,2.5
70,1954,4.5,3.8
42,1370,2.0,3.8
352,44191,4.0,4.2
608,2028,4.5,4.3
307,3793,3.5,3.8
10,4246,3.5,3.8
112,288,4.0,3.4
559,2,4.0,3.8
512,539,3.0,4.0
122,2012,4.0,3.6
281,46578,4.5,4.2
210,2571,5.0,4.1
210,5349,4.5,4.0
480,41566,4.0,3.6
162,292,4.0,3.9
506,52973,3.5,3.4
370,593,4.0,3.8
432,1,2.5,3.8
102,266,3.0,2.9
387,1208,5.0,4.5
523,1721,5.0,3.9
260,3052,4.5,3.4
457,1197,5.0,4.4
22,3578,4.0,4.4
263,33493,3.5,3.8
299,3623,3.0,2.8
318,32,4.5,3.9
49,2028,4.5,4.4
426,50872,3.0,4.2
381,6934,3.5,3.4
589,36,5.0,4.0
93,2396,4.0,4.2
286,158,3.0,3.6
331,54503,5.0,4.2
45,3911,3.0,3.6
579,1608,5.0,3.8
16,1201,3.0,4.2
391,1704,3.0,4.4
317,1208,5.0,4.4
7,1517,3.5,3.6
608,3578,4.0,4.3
542,1380,4.5,3.4
242,344,3.0,3.4
133,377,3.0,3.6
217,2571,3.0,4.6
103,608,4.0,4.3
103,2078,4.0,3.9
195,1923,3.0,4.2
314,17,4.0,4.1
414,4963,4.0,4.1
483,1704,4.5,4.2
89,750,4.5,4.2
160,2353,1.0,3.8
140,953,3.0,4.2
64,3160,4.0,3.8
599,2997,4.0,3.8
298,3994,1.0,3.6
560,34,2.5,4.0
448,2617,2.0,3.0
47,1580,1.5,3.7
135,1200,5.0,4.0
301,1573,4.5,3.5
381,4022,4.0,4.0
93,539,4.0,3.9
122,3175,4.5,4.0
453,50,5.0,4.4
280,49530,4.5,4.1
235,364,5.0,4.4
469,1136,5.0,3.9
428,1527,4.0,3.6
36,1485,0.5,2.9
513,5952,3.0,3.8
301,1721,1.5,4.0
608,432,1.5,3.0
606,912,4.5,4.2
428,163,3.0,3.1
381,2081,3.5,3.6
479,1278,5.0,4.4
376,589,5.0,4.2
4,1466,4.0,3.8
522,1265,4.5,3.8
522,58559,5.0,4.4
24,165,3.5,4.1
80,8361,4.0,3.4
46,454,5.0,3.6
232,5378,4.0,3.6
287,5952,4.0,4.2
200,4022,3.5,4.0
66,608,4.0,4.5
93,367,5.0,3.8
459,260,4.0,4.6
541,474,4.0,3.8
356,5502,3.5,3.4
210,260,5.0,4.0
232,296,5.0,4.5
186,2115,4.0,4.0
155,432,4.0,2.9
339,4995,5.0,4.0
301,5989,4.0,4.4
63,165,4.0,4.0
174,597,4.0,3.4
530,292,4.0,3.6
464,3578,5.0,4.1
191,235,5.0,3.8
427,4993,4.0,4.2
166,7153,5.0,4.4
356,2918,5.0,4.0
148,6377,3.0,4.1
117,589,4.0,4.5
564,4246,3.5,3.8
437,786,3.0,2.9
164,1097,5.0,4.2
226,5816,2.5,4.0
107,1,4.0,4.4
342,733,4.0,3.8
31,1246,3.0,4.3
438,5956,0.5,3.5
497,68954,5.0,4.0
19,2762,4.0,4.1
141,1291,2.5,4.1
170,410,1.0,3.6
601,2571,5.0,4.9
177,592,3.0,3.3
583,6942,3.5,3.9
563,1270,3.5,3.8
356,2542,4.0,4.6
586,1356,4.0,4.1
45,590,4.0,3.8
135,3489,3.0,3.7
532,858,5.0,4.3
607,34,3.0,3.6
68,3994,3.5,3.9
191,300,4.0,3.6
590,7147,3.0,4.4
203,4886,4.0,4.0
292,2268,4.0,4.0
266,1222,5.0,4.1
372,1214,5.0,4.4
274,420,3.5,2.8
20,5618,5.0,3.8
19,1278,4.0,4.0
339,96079,3.5,3.9
469,2395,4.0,4.1
594,6333,4.5,3.6
47,69122,0.5,3.5
160,95,1.0,3.3
486,95,3.0,3.8
66,6539,3.5,4.2
144,2762,4.0,4.0
38,110,5.0,4.2
480,30793,4.0,2.8
173,10,3.0,3.8
57,1148,5.0,4.3
438,7361,4.0,4.4
116,1387,5.0,4.0
292,589,4.0,4.0
426,34405,5.0,3.6
509,33493,3.0,2.6
448,1206,4.0,4.2
219,32587,4.0,3.8
549,2571,5.0,4.4
120,648,3.0,3.2
140,1265,3.0,4.2
380,1220,5.0,3.8
292,318,5.0,4.3
365,8464,2.0,3.7
304,1097,5.0,3.6
448,541,4.0,4.4
522,112852,5.0,4.2
115,110,3.0,4.2
461,1036,0.5,3.8
217,1036,4.0,4.2
188,2302,5.0,3.5
317,7438,3.0,4.2
599,673,2.5,3.2
347,434,3.0,2.9
256,5218,4.5,4.0
311,1208,2.5,4.1
225,2716,4.0,3.9
10,912,4.0,4.2
462,2791,4.0,4.0
64,1213,5.0,4.2
58,317,3.0,4.0
523,3578,5.0,4.6
193,4878,4.0,4.0
258,3147,5.0,4.6
419,2502,4.0,3.8
45,1210,5.0,4.6
580,153,2.0,3.5
202,3421,3.0,4.0
196,68954,4.0,4.4
88,55820,4.5,4.0
405,750,4.5,4.3
45,2081,5.0,3.6
36,904,3.5,4.0
330,2797,4.0,3.6
561,5445,3.0,3.7
372,592,3.0,3.3
414,2916,4.0,3.8
64,40815,4.0,4.0
73,3671,4.5,4.2
483,420,3.0,2.7
111,60069,3.5,4.3
480,51255,4.0,4.4
307,60069,5.0,4.2
6,432,5.0,3.0
115,1721,4.0,3.8
202,1307,5.0,4.0
182,6934,0.5,3.1
115,2947,4.0,3.8
225,587,3.0,3.9
282,784,3.5,2.8
282,480,4.0,4.0
438,1527,4.5,3.6
20,4848,1.5,4.0
200,2671,4.0,3.6
518,1380,2.0,3.6
561,79132,3.5,4.4
166,2710,2.5,2.2
6,150,4.0,4.4
313,3751,2.0,3.4
543,1036,5.0,4.0
39,1610,4.0,4.0
484,919,5.0,4.0
139,7438,3.0,4.0
335,50,5.0,4.8
362,858,5.0,4.5
112,339,1.5,3.6
607,1196,3.0,3.4
221,1276,4.5,4.5
182,2985,2.5,3.2
475,592,5.0,4.0
385,32,4.0,4.4
7,1240,5.0,3.8
84,235,3.0,4.0
32,784,3.0,3.6
330,509,3.0,3.8
438,508,4.0,3.8
47,80463,3.5,3.8
381,2291,5.0,3.8
522,91529,4.0,4.7
561,3114,3.0,3.6
179,208,3.0,3.8
452,1387,5.0,4.3
19,2997,4.0,3.8
328,2406,3.0,3.4
226,2005,5.0,3.7
606,750,4.0,4.7
562,1784,5.0,4.4
419,4226,3.0,4.2
607,1,4.0,4.0
458,266,4.0,3.5
369,1356,3.5,4.4
266,1240,4.0,3.6
39,1214,5.0,4.1
274,4306,3.5,3.8
292,2701,3.0,2.2
435,485,3.5,2.8
323,2571,3.0,4.2
351,55820,4.0,3.9
66,555,3.5,4.3
73,8961,4.0,4.0
166,4027,4.5,4.2
142,364,4.0,4.2
225,1641,4.0,3.6
590,1278,4.0,4.3
405,1215,3.5,4.2
115,2762,3.0,4.6
357,54001,4.5,4.4
200,1198,4.0,4.4
38,588,3.0,3.8
10,356,3.5,4.6
66,7147,5.0,4.5
594,1923,4.0,4.0
534,6373,3.5,3.4
339,3160,4.5,3.4
402,349,3.0,3.7
610,3552,3.0,4.6
419,68157,3.5,4.4
439,2571,5.0,4.6
526,51255,4.5,4.2
560,316,4.0,3.2
586,539,3.5,4.0
493,2000,4.0,3.5
483,7438,4.0,4.0
301,3408,3.5,3.4
7,3114,4.5,3.8
322,2324,4.0,4.6
233,2997,4.0,3.8
599,260,5.0,4.6
103,6870,4.5,3.6
348,1221,5.0,4.8
226,4993,4.0,4.1
453,70,4.0,3.7
600,3114,2.0,3.4
321,588,3.0,4.3
570,6942,4.5,3.6
480,158,2.5,2.9
357,1220,3.0,4.1
165,2028,3.0,4.4
221,3481,4.0,3.8
469,1276,4.0,4.5
387,480,3.0,3.6
174,253,5.0,3.5
483,1234,4.5,4.0
434,1089,4.0,4.5
289,266,3.5,3.2
555,2701,2.0,2.3
560,2628,4.0,3.7
111,1028,4.0,4.2
130,590,3.0,4.0
582,54001,4.0,4.1
432,1961,4.5,3.8
139,59784,2.5,3.0
391,4027,3.0,4.0
477,1276,4.0,4.5
524,153,3.0,3.2
448,594,4.0,3.6
242,317,3.0,3.4
216,588,4.0,3.4
234,2355,5.0,4.0
82,5481,3.5,3.5
217,1079,3.0,4.0
553,1732,3.5,4.0
68,1278,4.0,4.4
372,1291,5.0,4.6
232,2762,5.0,4.1
597,1196,5.0,4.2
249,588,4.0,4.1
356,6333,3.0,3.8
573,1214,4.5,4.0
534,4370,4.0,3.2
96,1220,3.0,3.6
280,2706,3.0,4.0
609,329,3.0,3.2
229,367,3.0,3.2
375,32,5.0,4.2
556,3081,4.0,3.4
74,111,5.0,4.8
50,58559,3.0,4.5
284,19,4.0,3.6
199,2791,5.0,4.0
317,4776,4.0,4.0
263,1210,4.0,4.3
322,4011,1.0,4.4
522,2918,4.5,3.8
475,59784,4.0,3.8
135,1653,5.0,4.1
483,4025,3.0,3.2
249,6539,4.0,4.1
8,500,2.0,3.4
416,2959,4.0,4.4
260,1148,4.5,4.4
603,1080,4.0,3.6
453,4973,5.0,4.6
368,370,3.0,2.8
156,648,3.5,3.7
18,1201,5.0,4.6
183,1304,4.0,3.8
226,1210,5.0,4.4
252,79132,3.5,3.8
474,223,3.5,4.2
601,68157,4.0,4.1
169,1393,5.0,3.7
135,2804,5.0,3.8
268,786,4.0,3.0
189,76093,4.0,4.2
169,2028,5.0,4.6
474,1035,5.0,4.2
536,349,5.0,3.5
62,110,4.5,4.2
94,364,4.0,4.4
199,8665,3.0,3.8
305,1608,3.0,3.8
337,788,4.0,3.8
229,590,3.0,4.1
8,235,3.0,4.2
514,2918,4.0,3.8
333,3753,3.0,3.4
136,333,5.0,3.6
200,2599,3.0,4.4
328,99114,3.0,3.9
140,1210,3.5,4.2
24,1682,3.5,4.1
381,231,2.5,3.2
425,6,4.0,4.0
257,1304,2.5,3.7
307,1732,4.0,4.2
125,356,5.0,4.6
19,2115,3.0,3.6
19,432,3.0,3.0
306,112852,3.0,3.9
52,54286,5.0,4.0
409,223,4.0,4.2
330,2329,4.0,4.2
199,349,3.5,3.0
600,2804,3.0,3.6
483,44191,5.0,4.2
466,74458,4.5,4.2
423,480,5.0,4.1
274,74458,4.5,4.0
428,1653,3.5,4.0
372,903,3.0,4.2
476,594,4.0,4.0
489,1097,4.0,3.6
298,4018,2.0,3.0
169,2791,4.5,3.8
202,1584,5.0,3.7
561,2858,3.5,4.1
38,300,4.0,3.4
169,4308,5.0,4.1
451,1,5.0,4.1
322,356,3.5,4.0
210,1356,4.5,4.2
46,173,5.0,2.6
339,3535,5.0,3.4
113,1639,2.0,2.7
474,17,5.0,3.8
436,597,3.0,3.8
570,2000,3.5,3.8
132,6934,3.0,2.9
1,50,5.0,4.4
418,648,0.5,3.9
132,2797,2.0,3.6
177,71535,5.0,3.6
276,480,5.0,3.9
24,91529,4.0,4.3
331,2959,4.0,4.6
462,2762,2.5,3.8
204,2710,5.0,2.8
201,2100,4.0,3.4
132,357,3.5,3.8
233,30707,3.5,3.8
38,296,3.0,3.8
483,235,2.0,4.0
599,1090,3.5,3.4
555,1968,5.0,4.1
590,1961,4.0,4.0
222,68954,2.5,4.3
18,778,4.5,4.4
599,4034,2.0,4.2
525,4025,4.0,3.0
111,54286,3.0,3.9
599,34405,3.5,3.6
515,50,4.5,4.2
57,903,4.0,4.0
404,367,3.0,2.8
182,2617,2.0,3.3
511,4993,5.0,4.8
18,4226,4.5,4.2
41,3996,3.5,4.4
391,1291,4.0,4.4
561,45499,2.5,3.8
222,1222,4.0,4.2
77,5952,5.0,4.4
16,4993,3.5,3.9
308,253,0.5,3.7
111,58559,4.0,4.6
200,3578,4.0,4.2
95,293,4.5,4.4
100,1639,3.5,3.2
415,593,5.0,4.4
582,4226,4.0,4.3
91,784,3.5,2.8
199,608,5.0,4.1
407,2028,4.0,4.2
520,253,4.0,3.2
391,4979,2.0,4.1
249,5952,4.5,4.5
6,145,4.0,3.6
216,2918,2.0,3.6
452,1374,5.0,4.2
141,317,3.5,3.3
189,527,4.5,4.2
263,296,3.0,4.2
93,349,4.0,4.1
166,2353,4.0,3.8
38,153,3.0,2.6
28,6874,4.0,4.0
122,1208,5.0,4.8
232,7361,4.0,4.4
446,253,3.0,3.5
534,47,4.0,4.0
147,555,4.5,3.8
580,350,3.5,3.6
489,919,4.5,3.8
230,39,3.0,2.8
608,1485,3.0,3.6
599,208,2.5,2.8
136,337,5.0,3.6
308,1291,0.5,4.0
305,1219,5.0,4.0
216,1197,3.0,4.6
567,6333,2.5,3.1
282,4246,4.0,3.4
193,318,3.5,4.8
362,7438,4.5,4.4
63,1682,3.5,3.8
241,4973,5.0,4.3
160,5502,4.0,2.8
19,653,2.0,3.3
527,4720,4.0,3.4
610,33794,4.0,4.0
356,2599,3.0,3.8
426,56367,4.5,3.8
474,3996,4.0,4.4
599,158,1.0,3.1
169,1136,5.0,3.8
446,588,3.0,3.6
263,8360,4.0,3.7
182,5418,2.0,4.2
135,1968,4.0,4.2
61,4011,4.5,4.7
6,11,4.0,3.4
33,1704,5.0,4.6
391,778,5.0,4.4
542,5299,5.0,3.5
577,1573,3.0,3.4
260,2959,4.0,4.2
369,3033,4.0,3.7
132,4896,3.0,4.0
311,2706,0.5,3.6
145,231,3.0,3.2
328,1259,3.0,4.4
144,4979,3.5,3.9
486,316,3.0,4.0
391,904,5.0,4.6
41,4022,5.0,3.6
290,2858,4.0,4.4
412,1079,3.0,4.3
445,6016,2.0,4.4
277,1356,5.0,4.0
559,350,3.0,3.0
74,2858,5.0,3.4
380,2997,4.0,4.0
561,457,4.0,4.2
140,1704,4.0,4.4
264,3623,2.0,3.0
310,432,2.5,2.5
498,588,5.0,4.4
303,1584,3.5,4.0
21,3489,3.5,3.8
345,344,3.5,2.9
596,1961,3.0,4.0
380,1213,5.0,4.6
93,2797,4.0,3.8
552,442,1.5,3.3
414,296,5.0,4.6
365,5481,3.0,2.6
340,589,4.0,3.8
43,110,3.0,4.4
602,173,3.0,2.8
483,1097,3.0,3.5
122,1214,5.0,4.6
409,3421,5.0,3.8
322,1136,5.0,3.8
91,2706,2.0,4.0
531,4993,5.0,4.6
474,2012,3.0,3.1
129,597,4.0,3.6
448,736,3.0,3.4
292,5378,3.0,3.4
42,648,5.0,3.4
305,2628,2.0,3.6
28,589,4.5,3.4
162,36,5.0,4.4
380,2797,3.0,3.4
262,593,2.0,4.0
354,6365,1.0,3.8
280,4447,3.5,3.6
555,592,3.0,3.3
239,778,4.5,4.2
292,2683,3.0,3.8
74,3481,3.5,3.4
20,1028,4.5,3.6
305,88125,2.5,4.0
51,3,4.0,3.4
606,1580,2.5,3.8
597,1732,4.0,4.4
28,5502,3.0,3.1
226,1207,4.0,4.4
318,68157,4.0,4.2
10,4995,4.0,4.4
48,172,3.5,2.6
21,2700,2.5,3.8
590,153,2.5,2.9
139,109374,3.0,3.0
176,590,4.0,4.1
18,2762,4.5,4.1
415,1580,3.5,3.7
116,35836,2.5,3.2
249,19,3.5,2.6
438,3994,4.5,3.7
167,3671,3.5,4.0
63,1617,4.0,4.0
413,8644,2.5,3.4
313,1127,3.0,3.4
11,736,4.0,3.6
429,595,5.0,4.1
307,2710,2.5,2.2
182,2194,4.5,4.2
132,904,4.0,4.5
561,68954,4.5,4.0
86,480,3.0,3.2
62,2762,4.5,4.2
593,1265,2.5,3.8
434,2858,5.0,4.4
182,7153,1.0,3.7
103,3552,4.5,4.6
119,63082,5.0,4.4
425,8961,4.0,4.0
182,150,2.5,3.6
500,39,1.0,3.0
426,4025,3.5,3.4
239,1208,5.0,4.5
489,520,3.0,3.4
288,480,2.0,3.3
234,2700,3.0,3.4
503,1259,5.0,4.0
201,592,3.0,3.5
184,116797,4.0,4.2
298,4022,2.5,3.7
556,48394,4.0,4.0
415,4226,4.5,4.2
137,1210,3.0,4.2
190,4848,4.0,4.0
307,3578,3.5,4.2
41,2712,5.0,3.0
373,296,5.0,4.8
126,588,3.0,4.3
400,1198,4.5,4.4
227,593,4.5,4.4
178,4993,4.0,4.0
343,5618,3.0,3.8
186,377,4.0,4.0
307,296,4.5,4.3
535,2858,5.0,4.4
425,1617,3.5,4.1
420,48394,4.5,4.2
608,5502,4.0,3.3
382,35836,4.0,3.3
121,590,4.0,3.8
233,69122,3.0,3.3
495,4993,0.5,4.4
104,1380,4.5,3.0
305,2762,4.0,4.4
202,1500,5.0,3.2
294,39,2.0,3.4
18,48516,4.5,4.6
249,2353,4.5,3.8
47,47,3.0,3.9
57,2005,3.0,3.6
219,1219,3.5,4.0
304,141,3.0,4.0
103,2194,5.0,4.2
577,1391,2.0,3.0
425,736,2.5,4.0
302,780,4.0,3.9
199,5299,3.5,3.2
156,1,4.0,4.1
132,68157,3.5,4.3
125,223,5.0,4.2
202,2406,4.0,3.8
417,4878,5.0,4.0
448,208,2.0,2.9
18,5349,4.0,4.0
483,1527,3.5,3.7
73,52973,4.0,3.9
426,4896,5.0,4.6
174,520,5.0,4.0
68,2706,4.0,4.0
19,333,2.0,3.9
140,48516,3.0,4.5
339,6016,5.0,4.4
407,59315,5.0,3.8
226,3481,4.0,3.8
191,6,4.0,4.3
606,6934,2.0,3.2
225,2081,3.0,3.5
19,316,2.0,3.0
458,329,4.0,4.2
19,485,2.0,2.7
368,356,4.0,4.1
157,2683,4.0,3.5
192,380,5.0,3.8
284,410,3.0,3.4
274,1198,4.0,4.0
212,80463,4.0,4.0
580,1704,4.5,4.1
586,72998,4.0,4.4
297,736,1.0,3.6
334,595,3.5,3.5
346,46578,4.0,4.1
62,858,5.0,4.2
219,3175,2.0,3.4
385,903,4.0,3.6
103,2396,5.0,4.1
286,509,3.5,3.6
541,10,4.0,3.8
601,109487,5.0,4.6
282,106782,4.5,4.4
64,778,5.0,4.4
483,380,4.0,3.5
235,597,4.0,4.0
194,168,3.5,3.0
166,5378,3.0,3.7
554,1028,5.0,4.2
322,44191,3.0,4.2
122,3253,4.0,3.3
495,1617,4.5,3.9
266,1610,5.0,4.2
490,2617,2.5,3.4
480,2617,3.0,3.2
425,592,3.5,3.4
288,1101,3.0,2.8
570,1291,4.0,4.4
226,1580,3.5,4.0
45,185,3.0,3.6
414,45499,3.5,4.1
307,784,4.0,2.6
63,1214,2.5,4.0
100,3911,3.5,3.8
509,2502,3.5,3.7
21,78499,4.0,4.3
94,597,2.0,3.6
432,34162,3.5,3.6
260,3751,4.0,3.5
500,1,4.0,4.2
68,5618,2.5,4.3
483,551,4.0,3.2
274,1676,4.5,3.6
112,508,4.5,3.7
486,318,5.0,4.7
278,527,5.0,4.4
45,588,5.0,4.5
212,48394,4.5,4.2
157,2987,4.0,3.8
288,2804,5.0,4.0
462,1240,4.0,3.7
199,2804,4.0,3.6
387,6333,2.5,3.4
17,5952,5.0,4.4
562,1307,5.0,4.0
125,59784,4.0,3.4
198,1252,4.0,4.0
484,2959,5.0,4.6
8,587,3.0,3.6
447,292,3.0,3.5
199,3671,4.5,3.7
6,25,3.0,3.8
596,367,3.0,3.6
477,3253,4.5,3.5
19,48,1.0,3.0
480,4886,2.5,3.8
211,1222,4.0,3.8
593,1073,2.5,3.6
599,1302,3.0,2.8
50,2006,2.5,3.2
495,45722,1.0,3.8
274,2918,4.5,3.8
590,903,4.5,4.2
144,1028,4.5,4.2
389,141,5.0,3.8
608,2012,2.5,3.1
45,2706,4.0,3.9
514,81845,4.0,4.5
7,4963,4.0,4.0
206,733,3.0,4.0
130,592,3.0,3.8
125,4246,2.5,3.7
235,434,3.0,3.4
